-- table_insertion.sql
-- --------------------------
USE reporter_lab;

START TRANSACTION;

-- Users Table Inserts (30 Total Users)
INSERT INTO Users (userID, Username, Password, Role) VALUES
(1, 'omkar_mahindrakar', 'password123', 'Regular'),
(2, 'abdulrauf_kazi', 'password123', 'Regular'),
(3, 'abhinav_hazarika', 'password123', 'Administrator'),
(4, 'abhyuday_rakam', 'password123', 'Regular'),
(5, 'pratham_sharma', 'password123', 'Regular'),
(6, 'amaan_surti', 'password123', 'Regular'),
(7, 'pooja_verma', 'password123', 'Regular'),
(8, 'aanya_patel', 'password123', 'Regular'),
(9, 'divya_chandra', 'password123', 'Regular'),
(10, 'siddharth_joshi', 'password123', 'Administrator'),
(11, 'raj_kumar', 'securepass', 'Regular'),
(12, 'priya_singh', 'securepass', 'Regular'),
(13, 'vikram_reddy', 'adminpass', 'Administrator'),
(14, 'sneha_patil', 'securepass', 'Regular'),
(15, 'arjun_mehta', 'securepass', 'Regular'),
(16, 'neha_gupta', 'securepass', 'Regular'),
(17, 'rohan_verma', 'securepass', 'Regular'),
(18, 'isha_sharma', 'securepass', 'Regular'),
(19, 'karan_joshi', 'securepass', 'Regular'),
(20, 'tanvi_shah', 'securepass', 'Regular'),
(21, 'vivek_nair', 'securepass', 'Regular'),
(22, 'ananya_das', 'securepass', 'Regular'),
(23, 'sumit_agarwal', 'securepass', 'Regular'),
(24, 'diya_iyer', 'securepass', 'Regular'),
(25, 'rahul_banerjee', 'securepass', 'Regular'),
(26, 'kriti_menon', 'adminpass', 'Administrator'),
(27, 'saurabh_kumar', 'securepass', 'Regular'),
(28, 'nidhi_bisht', 'securepass', 'Regular'),
(29, 'aditya_rao', 'securepass', 'Regular'),
(30, 'gauri_deshpande', 'securepass', 'Regular');

-- User_Info Table Inserts (30 Total Users)
INSERT INTO User_Info (UserID, FirstName, MiddleName, LastName, Email, ContactNumber) VALUES
(1, 'Omkar', NULL, 'Mahindrakar', 'omkar@gmail.com', '911-111-1111'),
(2, 'Abdulrauf', NULL, 'Kazi', 'abdul@gmail.com', '911-222-2222'),
(3, 'Abhinav', NULL, 'Hazarika', 'abhinav@yahoo.com', '911-333-3333'),
(4, 'Abhyuday', NULL, 'Rakam', 'abhyuday@hotmail.com', '911-444-4444'),
(5, 'Pratham', NULL, 'Sharma', 'pratham@gmail.com', '911-555-5555'),
(6, 'Amaan', NULL, 'Surti', 'amaan@outlook.com', '911-666-6666'),
(7, 'Pooja', NULL, 'Verma', 'pooja@gmail.com', '911-777-7777'),
(8, 'Aanya', NULL, 'Patel', 'aanya@yahoo.com', '911-888-8888'),
(9, 'Divya', NULL, 'Chandra', 'divya@gmail.com', '911-999-9999'),
(10, 'Siddharth', NULL, 'Joshi', 'sid@outlook.com', '911-000-0000'),
(11, 'Raj', NULL, 'Kumar', 'raj.kumar@example.com', '922-111-0001'),
(12, 'Priya', NULL, 'Singh', 'priya.singh@example.com', '922-111-0002'),
(13, 'Vikram', 'S', 'Reddy', 'vikram.reddy@example.com', '922-111-0003'),
(14, 'Sneha', NULL, 'Patil', 'sneha.patil@example.com', '922-111-0004'),
(15, 'Arjun', 'K', 'Mehta', 'arjun.mehta@example.com', '922-111-0005'),
(16, 'Neha', NULL, 'Gupta', 'neha.gupta@example.com', '922-111-0006'),
(17, 'Rohan', NULL, 'Verma', 'rohan.verma@example.com', '922-111-0007'),
(18, 'Isha', 'M', 'Sharma', 'isha.sharma@example.com', '922-111-0008'),
(19, 'Karan', NULL, 'Joshi', 'karan.joshi@example.com', '922-111-0009'),
(20, 'Tanvi', NULL, 'Shah', 'tanvi.shah@example.com', '922-111-0010'),
(21, 'Vivek', 'R', 'Nair', 'vivek.nair@example.com', '922-111-0011'),
(22, 'Ananya', NULL, 'Das', 'ananya.das@example.com', '922-111-0012'),
(23, 'Sumit', NULL, 'Agarwal', 'sumit.agarwal@example.com', '922-111-0013'),
(24, 'Diya', 'P', 'Iyer', 'diya.iyer@example.com', '922-111-0014'),
(25, 'Rahul', NULL, 'Banerjee', 'rahul.banerjee@example.com', '922-111-0015'),
(26, 'Kriti', NULL, 'Menon', 'kriti.menon@example.com', '922-111-0016'),
(27, 'Saurabh', 'K', 'Kumar', 'saurabh.kumar@example.com', '922-111-0017'),
(28, 'Nidhi', NULL, 'Bisht', 'nidhi.bisht@example.com', '922-111-0018'),
(29, 'Aditya', 'M', 'Rao', 'aditya.rao@example.com', '922-111-0019'),
(30, 'Gauri', NULL, 'Deshpande', 'gauri.deshpande@example.com', '922-111-0020');

-- Categories Table Inserts (8 Total Categories)
INSERT INTO Categories (categoryID, CategoryName, CategoryDescription) VALUES
(1, 'Traffic', 'Reports related to traffic issues and violations'),
(2, 'Infrastructure', 'Issues related to roads, bridges, and public facilities'),
(3, 'Environment', 'Environmental concerns and pollution reports'),
(4, 'Public Safety', 'Safety hazards and emergency situations'),
(5, 'Community Events', 'Local gatherings and community activities'),
(6, 'Public Nuisance', 'Reports related to disturbances and annoyances in public spaces.'),
(7, 'Utility Outage', 'Issues related to electricity, water, internet, or gas supply.'),
(8, 'Lost and Found', 'Reports for lost or found items or pets.');

-- Locations Table Inserts (Original 20 + 8 New Locations = 28 Total)
INSERT INTO Locations (locationID, Latitude, Longitude, Street, PostalCode, Landmark, District, City, State, Country) VALUES
(1, 18.9220, 72.8347, 'Marine Drive', '400020', 'Near Nariman Point', 'South Mumbai', 'Mumbai', 'Maharashtra', 'India'),
(2, 28.6139, 77.2090, 'Connaught Place', '110001', 'Rajiv Chowk', 'Central Delhi', 'New Delhi', 'Delhi', 'India'),
(3, 22.5726, 88.3639, 'Park Street', '700016', 'Near Victoria Memorial', 'Kolkata Central', 'Kolkata', 'West Bengal', 'India'),
(4, 12.9716, 77.5946, 'MG Road', '560001', 'Near Cubbon Park', 'Central Bangalore', 'Bengaluru', 'Karnataka', 'India'),
(5, 17.3850, 78.4867, 'Hitech City', '500081', 'Near Cyber Towers', 'Madhapur', 'Hyderabad', 'Telangana', 'India'),
(6, 26.9124, 75.7873, 'MI Road', '302001', 'Hawa Mahal', 'Jaipur Central', 'Jaipur', 'Rajasthan', 'India'),
(7, 23.0225, 72.5714, 'CG Road', '380009', 'Sidi Saiyyed Mosque', 'Navrangpura', 'Ahmedabad', 'Gujarat', 'India'),
(8, 18.5204, 73.8567, 'FC Road', '411004', 'Deccan Gymkhana', 'Shivaji Nagar', 'Pune', 'Maharashtra', 'India'),
(9, 13.0827, 80.2707, 'Anna Salai', '600002', 'Marina Beach', 'Central Chennai', 'Chennai', 'Tamil Nadu', 'India'),
(10, 26.8467, 80.9462, 'Hazratganj', '226001', 'Vidhan Sabha', 'Central Lucknow', 'Lucknow', 'Uttar Pradesh', 'India'),
(11, 23.2599, 77.4126, 'MP Nagar', '462011', 'DB City Mall', 'Zone 1', 'Bhopal', 'Madhya Pradesh', 'India'),
(12, 30.7333, 76.7794, 'Sector 17', '160017', 'Sukhna Lake', 'Sector 17 Plaza', 'Chandigarh', 'Chandigarh', 'India'),
(13, 9.9312, 76.2673, 'MG Road Ernakulam', '682016', 'Lulu Mall', 'Edappally', 'Kochi', 'Kerala', 'India'),
(14, 26.1445, 91.7362, 'GS Road', '781005', 'Fancy Bazaar', 'Paltan Bazaar', 'Guwahati', 'Assam', 'India'),
(15, 31.1048, 77.1734, 'The Mall Road', '171001', 'Christ Church', 'Central Shimla', 'Shimla', 'Himachal Pradesh', 'India'),
(16, 15.4909, 73.8278, '18th June Road', '403001', 'Immaculate Conception Church', 'Central Panaji', 'Panaji', 'Goa', 'India'),
(17, 20.2961, 85.8245, 'Janpath', '751001', 'KIIT Square', 'Sahid Nagar', 'Bhubaneswar', 'Odisha', 'India'),
(18, 30.3165, 78.0322, 'Rajpur Road', '248001', 'Clock Tower', 'Central Dehradun', 'Dehradun', 'Uttarakhand', 'India'),
(19, 17.6868, 83.2185, 'Beach Road', '530003', 'RK Beach', 'MVP Colony', 'Visakhapatnam', 'Andhra Pradesh', 'India'),
(20, 12.2958, 76.6394, 'Devaraj Urs Road', '570001', 'Mysore Palace', 'Central Mysuru', 'Mysuru', 'Karnataka', 'India'),
-- Adding 8 new locations (Patna, Indore, Surat, Nagpur, Ludhiana, Kozhikode, Raipur, Srinagar)
(21, 25.5941, 85.1376, 'Bailey Road', '800001', 'Patna High Court', 'Patna', 'Patna', 'Bihar', 'India'),
(22, 22.7196, 75.8577, 'AB Road', '452001', 'Rajwada Palace', 'Indore', 'Indore', 'Madhya Pradesh', 'India'),
(23, 21.1702, 72.8311, 'Dumas Road', '395007', 'VR Mall', 'Surat', 'Surat', 'Gujarat', 'India'),
(24, 21.1458, 79.0882, 'Civil Lines', '440001', 'Zero Mile Stone', 'Nagpur', 'Nagpur', 'Maharashtra', 'India'),
(25, 30.9010, 75.8573, 'Ferozepur Road', '141001', 'Pavilion Mall', 'Ludhiana', 'Ludhiana', 'Punjab', 'India'),
(26, 11.2588, 75.7804, 'Mavoor Road', '673001', 'SM Street', 'Kozhikode', 'Kozhikode', 'Kerala', 'India'),
(27, 21.2514, 81.6296, 'GE Road', '492001', 'Magneto The Mall', 'Raipur', 'Raipur', 'Chhattisgarh', 'India'),
(28, 34.0837, 74.7973, 'Boulevard Road', '190001', 'Dal Lake', 'Srinagar', 'Srinagar', 'Jammu and Kashmir', 'India');

-- Reports Table Inserts (Original 10 + 264 New Reports = 274 Total)
-- Adding explicit createdAt and updatedAt for date variation
INSERT INTO Reports (reportID, Title, Description, createdAt, updatedAt, LocationID, CategoryID, UserID) VALUES
-- Original 10 reports with varied dates
(1, 'Pothole on Marine Drive', 'Large pothole causing traffic delays and potential vehicle damage near NCPA', '2022-01-10 08:30:00', '2022-01-12 10:00:00', 1, 2, 1),
(2, 'Illegal Parking in Connaught Place', 'Multiple vehicles parked in no-parking zone blocking pedestrian access near central circle', '2022-02-15 14:20:00', '2022-02-15 14:20:00', 2, 1, 3),
(3, 'Yamuna River Pollution', 'Severe water pollution and foaming in the Yamuna River near ITO bridge', '2022-03-05 11:00:00', '2022-03-08 09:15:00', 2, 3, 5),
(4, 'Fallen Tree Blocking Road in Salt Lake', 'Large tree down after monsoon storm blocking both lanes of traffic', '2022-07-20 18:00:00', '2022-07-20 18:30:00', 3, 4, 9),
(5, 'Community Cleanup Drive at Juhu Beach', 'Volunteer opportunity this weekend to clean up Juhu Beach', '2022-04-10 09:00:00', '2022-04-10 09:00:00', 1, 5, 2),
(6, 'Traffic Signal Not Working on MG Road', 'Traffic signal at MG Road and Brigade Road intersection not functioning properly', '2022-05-25 17:45:00', '2022-05-28 12:00:00', 4, 1, 8),
(7, 'Graffiti on Metro Station Wall', 'Vandalism on the east wall of the Rajiv Chowk Metro Station', '2022-06-12 22:10:00', '2022-06-12 22:10:00', 2, 4, 6),
(8, 'Excessive Construction Noise in Bandra', 'Construction crew working past permitted hours disturbing residential area', '2022-08-01 23:00:00', '2022-08-02 08:00:00', 1, 4, 7),
(9, 'Abandoned Vehicle in Jubilee Hills', 'Car appears to have been abandoned for several weeks near Road No. 5', '2022-09-15 10:00:00', '2022-09-20 14:30:00', 5, 1, 4),
(10, 'Free Medical Camp at Gandhi Maidan', 'Mobile health clinic offering free screenings and medicines this Sunday', '2022-10-02 07:30:00', '2022-10-02 07:30:00', 3, 5, 10),

-- New Reports (IDs 11-150)
(11, 'Broken Streetlight on FC Road', 'Streetlight near Ferguson College main gate has been non-functional for a week.', '2022-11-01 19:00:00', '2022-11-03 10:00:00', 8, 2, 11),
(12, 'Garbage Dumped Illegally near Hawa Mahal', 'Piles of garbage left unattended on the side street near Hawa Mahal, attracting stray animals.', '2022-11-05 08:20:00', '2022-11-05 08:20:00', 6, 3, 12),
(13, 'Water Logging after Rain on Anna Salai', 'Heavy water logging on Anna Salai near Spencer Plaza, causing traffic jams.', '2022-11-10 17:30:00', '2022-11-11 09:00:00', 9, 2, 14),
(14, 'Power Fluctuation in MP Nagar Zone 1', 'Frequent power fluctuations and outages in MP Nagar area affecting businesses.', '2022-11-15 14:00:00', '2022-11-15 14:00:00', 11, 7, 15),
(15, 'Lost Dog near Sukhna Lake', 'Small brown Poodle, answers to "Coco", lost near the Sukhna Lake promenade.', '2022-11-20 16:15:00', '2022-11-21 11:00:00', 12, 8, 16),
(16, 'Overcrowded Buses on GS Road', 'Buses running on GS Road are dangerously overcrowded during peak hours.', '2022-11-25 09:00:00', '2022-11-25 09:00:00', 14, 1, 17),
(17, 'Hazardous Road Conditions on The Mall Road', 'Portions of The Mall Road are slippery and uneven, posing a risk to pedestrians.', '2022-12-01 11:30:00', '2022-12-03 15:00:00', 15, 2, 18),
(18, 'Noise Pollution from Construction Site in Panaji', 'Loud construction noise continuing late into the night near 18th June Road.', '2022-12-05 22:45:00', '2022-12-06 08:00:00', 16, 6, 19),
(19, 'Art Exhibition at KIIT Square', 'Local artists showcasing their work at KIIT Square this weekend.', '2022-12-10 10:00:00', '2022-12-10 10:00:00', 17, 5, 20),
(20, 'Damaged Fence near Clock Tower Dehradun', 'The protective fence around the Clock Tower garden is broken in several places.', '2022-12-15 13:00:00', '2022-12-17 16:00:00', 18, 2, 21),
(21, 'Poor Sanitation at RK Beach', 'Litter and inadequate waste disposal facilities observed at RK Beach.', '2023-01-02 07:00:00', '2023-01-02 07:00:00', 19, 3, 22),
(22, 'Book Fair near Mysore Palace', 'Annual book fair happening at the grounds near Mysore Palace.', '2023-01-07 11:00:00', '2023-01-07 11:00:00', 20, 5, 23),
(23, 'Traffic Jam due to VIP Movement, Central Delhi', 'Unexpected traffic jam on roads leading to India Gate due to VIP movement.', '2023-01-12 16:00:00', '2023-01-12 16:00:00', 2, 1, 24),
(24, 'Internet Outage in Hitech City', 'Prolonged internet service disruption affecting several offices in Hitech City.', '2023-01-18 10:30:00', '2023-01-19 14:00:00', 5, 7, 25),
(25, 'Stray Dog Menace in South Mumbai', 'Increasing number of stray dogs in residential areas of South Mumbai.', '2023-01-22 08:00:00', '2023-01-22 08:00:00', 1, 6, 26),
(26, 'Unsafe Pedestrian Crossing at Park Street', 'Pedestrian crossing near Park Street metro is faded and needs repainting.', '2023-01-28 17:00:00', '2023-01-30 12:00:00', 3, 2, 27),
(27, 'Air Quality Deterioration in Navrangpura', 'Noticeable smog and poor air quality in Navrangpura, Ahmedabad.', '2023-02-03 09:15:00', '2023-02-03 09:15:00', 7, 3, 28),
(28, 'Found Keys near Deccan Gymkhana', 'Bunch of keys with a blue keychain found near Deccan Gymkhana bus stop.', '2023-02-08 18:30:00', '2023-02-08 18:30:00', 8, 8, 29),
(29, 'Water Pipe Leakage in Central Lucknow', 'Major water pipe leakage on a main road in Hazratganj, causing water wastage.', '2023-02-14 11:50:00', '2023-02-15 10:00:00', 10, 7, 30),
(30, 'Marathon Event in Bengaluru Central', 'City marathon scheduled for this Sunday, expect road closures around Cubbon Park.', '2023-02-19 06:00:00', '2023-02-19 06:00:00', 4, 5, 1),
(31, 'Illegal hawkers on Marine Drive footpath', 'Hawkers encroaching pedestrian space near Nariman Point.', '2023-02-25 17:00:00', '2023-02-26 10:00:00', 1, 6, 3),
(32, 'Damaged road divider in Connaught Place', 'Concrete road divider broken near Outer Circle, risk to vehicles.', '2023-03-02 11:30:00', '2023-03-02 11:30:00', 2, 2, 5),
(33, 'Polluted air near Victoria Memorial', 'High levels of pollutants observed in the air around Victoria Memorial.', '2023-03-08 08:00:00', '2023-03-09 12:00:00', 3, 3, 7),
(34, 'Street play on social issues at MG Road', 'Students performing a street play near Trinity Circle on MG Road.', '2023-03-14 16:30:00', '2023-03-14 16:30:00', 4, 5, 9),
(35, 'Frequent power cuts in Madhapur', 'Residents of Madhapur experiencing daily power cuts of 2-3 hours.', '2023-03-20 10:00:00', '2023-03-21 14:00:00', 5, 7, 11),
(36, 'Lost Wallet near Hawa Mahal', 'Black leather wallet containing ID and cash lost somewhere near Hawa Mahal.', '2023-03-26 13:15:00', '2023-03-26 13:15:00', 6, 8, 13),
(37, 'Blocked drain on CG Road Ahmedabad', 'Drainage system blocked on CG Road, leading to foul smell and mosquito breeding.', '2023-04-01 09:45:00', '2023-04-02 11:00:00', 7, 2, 15),
(38, 'Speeding vehicles on FC Road Pune', 'Cars and bikes frequently speeding on FC Road, especially at night.', '2023-04-07 23:00:00', '2023-04-07 23:00:00', 8, 1, 17),
(39, 'Uncollected garbage near Marina Beach', 'Heaps of garbage lying uncollected for days near the Marina Beach entrance.', '2023-04-13 07:30:00', '2023-04-14 09:00:00', 9, 3, 19),
(40, 'Defective traffic light at Hazratganj crossing', 'Traffic light at the main Hazratganj intersection is stuck on yellow.', '2023-04-19 18:00:00', '2023-04-20 17:00:00', 10, 1, 21),
(41, 'Open manhole in MP Nagar Bhopal', 'An open manhole on the pavement in Zone 1, MP Nagar, poses a danger.', '2023-04-25 15:00:00', '2023-04-25 15:00:00', 11, 4, 23),
(42, 'Cultural fest at Sector 17 Plaza Chandigarh', 'Annual cultural festival with food stalls and performances at Sector 17.', '2023-05-01 19:00:00', '2023-05-01 19:00:00', 12, 5, 25),
(43, 'No water supply in Edappally Kochi', 'Residents of Edappally facing water shortage for the past two days.', '2023-05-07 08:15:00', '2023-05-08 10:30:00', 13, 7, 27),
(44, 'Found Cat near Fancy Bazaar Guwahati', 'A white Persian cat with a red collar found wandering near Fancy Bazaar.', '2023-05-13 12:00:00', '2023-05-13 12:00:00', 14, 8, 29),
(45, 'Landslide warning near Christ Church Shimla', 'Small landslips reported on the road leading to Christ Church after heavy rains.', '2023-05-19 14:30:00', '2023-05-20 11:00:00', 15, 4, 2),
(46, 'Loud music from beach shacks in Panaji', 'Excessive noise from beach shacks disturbing nearby residents in Panaji.', '2023-05-25 22:00:00', '2023-05-25 22:00:00', 16, 6, 4),
(47, 'Road repair work causing delays on Janpath Bhubaneswar', 'Ongoing road repair work on Janpath leads to slow traffic movement.', '2023-06-01 11:10:00', '2023-06-02 13:00:00', 17, 1, 6),
(48, 'Fallen tree branch on Rajpur Road Dehradun', 'A large tree branch has fallen on Rajpur Road, partially blocking one lane.', '2023-06-07 10:00:00', '2023-06-07 10:00:00', 18, 4, 8),
(49, 'Plastic waste polluting RK Beach Visakhapatnam', 'Significant amount of plastic bottles and bags washed ashore at RK Beach.', '2023-06-13 07:00:00', '2023-06-14 08:30:00', 19, 3, 10),
(50, 'Heritage walk starting from Mysore Palace', 'Guided heritage walk covering historical sites around Mysore Palace this Saturday.', '2023-06-19 08:00:00', '2023-06-19 08:00:00', 20, 5, 12),
(51, 'Broken pavement slabs on Marine Drive', 'Pavement slabs are loose and broken at several spots along Marine Drive.', '2023-06-25 16:00:00', '2023-06-26 12:00:00', 1, 2, 14),
(52, 'Unauthorized street vendors in Connaught Place', 'Street vendors operating without permits causing congestion in inner circle.', '2023-07-01 14:00:00', '2023-07-01 14:00:00', 2, 6, 16),
(53, 'Air pollution from vehicles on Park Street', 'High vehicular emissions contributing to poor air quality on Park Street.', '2023-07-07 09:30:00', '2023-07-08 11:00:00', 3, 3, 18),
(54, 'Missing person report near Cubbon Park', 'An elderly person reported missing since yesterday evening near Cubbon Park.', '2023-07-13 10:45:00', '2023-07-13 10:45:00', 4, 8, 20),
(55, 'Water supply contamination in Hitech City', 'Residents reporting discolored and foul-smelling tap water in parts of Hitech City.', '2023-07-19 07:00:00', '2023-07-20 09:30:00', 5, 7, 22),
(56, 'Pickpocketing incidents at MI Road Jaipur', 'Reports of increased pickpocketing targeting tourists on MI Road.', '2023-07-25 17:30:00', '2023-07-25 17:30:00', 6, 4, 24),
(57, 'Food festival at Sabarmati Riverfront Ahmedabad', 'A week-long food festival is being held at the Sabarmati Riverfront.', '2023-08-01 18:00:00', '2023-08-01 18:00:00', 7, 5, 26),
(58, 'Lack of parking space near FC Road Pune', 'Severe shortage of parking for two-wheelers and cars along FC Road.', '2023-08-07 12:30:00', '2023-08-08 15:00:00', 8, 1, 28),
(59, 'Stray cattle on Anna Salai Chennai', 'Stray cows wandering on Anna Salai causing traffic disruption.', '2023-08-13 11:00:00', '2023-08-13 11:00:00', 9, 6, 30),
(60, 'Damaged park benches in Hazratganj Lucknow', 'Benches in the park near GPO Hazratganj are broken and need repair.', '2023-08-19 16:00:00', '2023-08-20 10:00:00', 10, 2, 1),
(61, 'Irregular garbage collection in DB City Mall area', 'Waste bins overflowing due to irregular garbage collection near DB City Mall.', '2023-08-25 09:00:00', '2023-08-25 09:00:00', 11, 3, 3),
(62, 'Cycling event around Sukhna Lake Chandigarh', 'Early morning cyclothon organized around Sukhna Lake on Sunday.', '2023-09-01 06:30:00', '2023-09-01 06:30:00', 12, 5, 5),
(63, 'Gas leak reported in Edappally Kochi', 'Residents reported a strong smell of gas near a commercial building in Edappally.', '2023-09-07 20:00:00', '2023-09-08 08:00:00', 13, 4, 7),
(64, 'Lost Mobile Phone on GS Road Guwahati', 'Samsung Galaxy S22 lost, likely on a public bus on GS Road.', '2023-09-13 15:15:00', '2023-09-13 15:15:00', 14, 8, 9),
(65, 'Road blocked due to protest on The Mall Road Shimla', 'A section of The Mall Road is blocked by protestors.', '2023-09-19 13:00:00', '2023-09-19 13:00:00', 15, 1, 11),
(66, 'Unsafe electrical wiring near Immaculate Conception Church Panaji', 'Exposed electrical wires hanging dangerously from a pole near the church.', '2023-09-25 10:20:00', '2023-09-26 11:30:00', 16, 4, 13),
(67, 'Poor street lighting in Sahid Nagar Bhubaneswar', 'Many streetlights in Sahid Nagar are not working, making it unsafe at night.', '2023-10-01 21:00:00', '2023-10-01 21:00:00', 17, 2, 15),
(68, 'Water crisis in parts of Dehradun', 'Several colonies in Dehradun facing acute water shortage for a week.', '2023-10-07 07:45:00', '2023-10-08 09:00:00', 18, 7, 17),
(69, 'Illegal sand mining near Visakhapatnam coast', 'Reports of illegal sand mining activities along the coast near Visakhapatnam.', '2023-10-13 05:00:00', '2023-10-13 05:00:00', 19, 3, 19),
(70, 'Traditional dance performance at Central Mysuru', 'Folk dance troupe performing at a public square in Central Mysuru.', '2023-10-19 19:30:00', '2023-10-19 19:30:00', 20, 5, 21),
(71, 'Noise from late-night parties, South Mumbai', 'Loud music from parties in residential buildings disturbing peace.', '2023-10-25 00:30:00', '2023-10-25 09:00:00', 1, 6, 23),
(72, 'Traffic diversion near Rajiv Chowk', 'Traffic diverted due to ongoing metro construction work near Rajiv Chowk.', '2023-11-01 11:00:00', '2023-11-01 11:00:00', 2, 1, 25),
(73, 'Waste burning causing smoke in Kolkata Central', 'Open burning of garbage leading to smoke and air pollution in parts of central Kolkata.', '2023-11-07 06:00:00', '2023-11-07 10:00:00', 3, 3, 27),
(74, 'Found Laptop Bag near MG Road Bengaluru', 'A black laptop bag left unattended on a bench near MG Road metro station.', '2023-11-13 17:45:00', '2023-11-13 17:45:00', 4, 8, 29),
(75, 'Cable TV outage in Cyber Towers area', 'Cable TV services down for several hours in the vicinity of Cyber Towers.', '2023-11-19 14:20:00', '2023-11-20 10:00:00', 5, 7, 2),
(76, 'Monkey menace in Jaipur Central residential areas', 'Troops of monkeys creating nuisance and damaging property in residential areas.', '2023-11-25 08:30:00', '2023-11-25 08:30:00', 6, 6, 4),
(77, 'Broken swings in park near Sidi Saiyyed Mosque', 'Children''s swings in the public park near Sidi Saiyyed Mosque are damaged.', '2023-12-01 16:00:00', '2023-12-02 11:00:00', 7, 2, 6),
(78, 'Charity run event in Shivaji Nagar Pune', 'A charity run for education is being organized, starting from Deccan Gymkhana.', '2023-12-07 07:00:00', '2023-12-07 07:00:00', 8, 5, 8),
(79, 'Illegal banners and hoardings in Central Chennai', 'Unauthorized banners and hoardings defacing public property across Central Chennai.', '2023-12-13 10:00:00', '2023-12-14 12:30:00', 9, 6, 10),
(80, 'Poor road conditions near Vidhan Sabha Lucknow', 'Roads around Vidhan Sabha are in bad shape with many potholes.', '2023-12-19 13:30:00', '2023-12-19 13:30:00', 10, 2, 12),
(81, 'Chemical smell from factory in Zone 1 Bhopal', 'Strong chemical odor emanating from a factory in Zone 1, causing discomfort.', '2022-01-20 20:15:00', '2022-01-21 09:00:00', 11, 3, 14),
(82, 'Lost Spectacles at Sector 17 Plaza Chandigarh', 'A pair of reading glasses in a brown case lost near the fountains at Sector 17.', '2022-01-26 18:00:00', '2022-01-26 18:00:00', 12, 8, 16),
(83, 'Frequent voltage drops in Lulu Mall area Kochi', 'Shops and residences near Lulu Mall experiencing frequent voltage drops.', '2022-02-01 19:00:00', '2022-02-02 14:00:00', 13, 7, 18),
(84, 'Over speeding trucks on GS Road Guwahati at night', 'Trucks often overspeed on GS Road late at night, posing a danger.', '2022-02-07 01:00:00', '2022-02-07 01:00:00', 14, 1, 20),
(85, 'Tree plantation drive in Central Shimla', 'Volunteers needed for a tree plantation drive organized by a local NGO in Shimla.', '2022-02-13 09:30:00', '2022-02-13 09:30:00', 15, 5, 22),
(86, 'Blocked sewage line in Central Panaji', 'Sewage overflow due to a blocked line in a commercial area of Panaji.', '2022-02-19 11:45:00', '2022-02-20 10:15:00', 16, 2, 24),
(87, 'Encroachment on footpaths in Sahid Nagar Bhubaneswar', 'Shops extending their displays onto footpaths, obstructing pedestrians.', '2022-02-25 17:15:00', '2022-02-25 17:15:00', 17, 6, 26),
(88, 'Suspicious abandoned bag near Clock Tower Dehradun', 'An unclaimed bag has been lying near the Clock Tower for several hours.', '2022-03-03 14:00:00', '2022-03-03 18:00:00', 18, 4, 28),
(89, 'Oil spill on Beach Road Visakhapatnam', 'An oil spill from a vehicle has made a section of Beach Road slippery.', '2022-03-09 08:50:00', '2022-03-09 08:50:00', 19, 4, 30),
(90, 'Public library book sale in Central Mysuru', 'Old books being sold at discounted prices at the city central library.', '2022-03-15 10:30:00', '2022-03-15 10:30:00', 20, 5, 1),
(91, 'Dangerous driving by auto-rickshaws, Marine Drive', 'Auto-rickshaws frequently violating traffic rules on Marine Drive.', '2022-03-21 19:20:00', '2022-03-22 11:00:00', 1, 1, 3),
(92, 'Unclean public toilets in Connaught Place', 'Public toilets near Palika Bazaar are poorly maintained and unhygienic.', '2022-03-27 12:00:00', '2022-03-27 12:00:00', 2, 2, 5),
(93, 'Industrial waste dumped into Hooghly River', 'Factory near Kolkata discharging untreated waste into the Hooghly River.', '2022-04-02 07:10:00', '2022-04-03 09:30:00', 3, 3, 7),
(94, 'Missing Child from playground near Cubbon Park', 'A 5-year-old child in a red t-shirt went missing from the playground.', '2022-04-08 17:00:00', '2022-04-08 17:00:00', 4, 8, 9),
(95, 'Broadband connectivity issues in Madhapur', 'Many users in Madhapur reporting slow or no internet from a major ISP.', '2022-04-14 09:00:00', '2022-04-15 14:00:00', 5, 7, 11),
(96, 'Aggressive street beggars near Hawa Mahal', 'Tourists being harassed by aggressive beggars in the Hawa Mahal area.', '2022-04-20 15:00:00', '2022-04-20 15:00:00', 6, 6, 13),
(97, 'Open electricity junction box on CG Road Ahmedabad', 'An electricity junction box is open and poses a hazard to pedestrians on CG Road.', '2022-04-26 10:40:00', '2022-04-27 12:00:00', 7, 4, 15),
(98, 'Blood donation camp at Deccan Gymkhana Pune', 'A blood donation camp is being organized by a local hospital at Deccan Gymkhana.', '2022-05-02 11:00:00', '2022-05-02 11:00:00', 8, 5, 17),
(99, 'Lack of dustbins near Marina Beach', 'Insufficient dustbins leading to littering along the Marina Beach promenade.', '2022-05-08 08:00:00', '2022-05-09 10:30:00', 9, 2, 19),
(100, 'Jaywalking problem at Hazratganj Lucknow', 'Pedestrians frequently jaywalking at busy Hazratganj crossing despite signals.', '2022-05-14 18:30:00', '2022-05-14 18:30:00', 10, 1, 21),
(101, 'Water contamination in public taps, Bhopal', 'Reports of contaminated water from public taps in Old Bhopal.', '2022-05-20 07:30:00', '2022-05-21 09:00:00', 11, 3, 23),
(102, 'Found Wallet at Sukhna Lake entry', 'A brown leather wallet found near the main entrance of Sukhna Lake.', '2022-05-26 19:00:00', '2022-05-26 19:00:00', 12, 8, 25),
(103, 'Mobile network congestion in Edappally', 'Poor mobile network coverage and call drops common in Edappally area.', '2022-06-01 17:00:00', '2022-06-02 15:00:00', 13, 7, 27),
(104, 'Illegal parking on GS Road blocking traffic', 'Cars parked illegally on GS Road causing significant traffic slowdown.', '2022-06-07 12:45:00', '2022-06-07 12:45:00', 14, 1, 29),
(105, 'Cleanliness drive at The Ridge, Shimla', 'Citizen-led cleanliness drive planned for The Ridge area this Sunday.', '2022-06-13 08:00:00', '2022-06-13 08:00:00', 15, 5, 2),
(106, 'Broken manhole cover on 18th June Road Panaji', 'A manhole cover is broken on 18th June Road, posing a risk to vehicles and pedestrians.', '2022-06-19 10:10:00', '2022-06-20 11:30:00', 16, 2, 4),
(107, 'Defacing public walls with posters in Sahid Nagar', 'Illegal posters and advertisements defacing walls in Sahid Nagar market area.', '2022-06-25 14:00:00', '2022-06-25 14:00:00', 17, 6, 6),
(108, 'Rash driving by bikers on Rajpur Road Dehradun', 'Young bikers performing stunts and driving rashly on Rajpur Road.', '2022-07-01 22:30:00', '2022-07-02 08:00:00', 18, 4, 8),
(109, 'Beach erosion concern at RK Beach Visakhapatnam', 'Noticeable erosion of the beach area at RK Beach, affecting coastline.', '2022-07-07 06:45:00', '2022-07-07 06:45:00', 19, 3, 10),
(110, 'Handicrafts exhibition near Mysore Palace', 'Exhibition of local handicrafts and artisan products near the Mysore Palace grounds.', '2022-07-13 11:30:00', '2022-07-13 11:30:00', 20, 5, 12),
(111, 'Traffic signal out at Haji Ali Junction', 'The traffic signal at the busy Haji Ali Junction is not working, causing chaos.', '2022-07-19 09:15:00', '2022-07-20 10:00:00', 1, 1, 14),
(112, 'Garbage accumulation near India Gate', 'Piles of garbage left uncollected near the India Gate lawns, spoiling the area.', '2022-07-25 08:00:00', '2022-07-25 08:00:00', 2, 3, 16),
(113, 'Dilapidated heritage building in North Kolkata', 'An old heritage building in Shobhabazar area is in a dangerous, dilapidated state.', '2022-08-01 13:20:00', '2022-08-02 11:00:00', 3, 2, 18),
(114, 'Lost Pet Dog (Labrador) in Koramangala', 'A golden Labrador named "Buddy" missing from Koramangala 4th Block.', '2022-08-07 18:00:00', '2022-08-07 18:00:00', 4, 8, 20),
(115, 'Sudden internet outage in Gachibowli', 'Widespread internet outage reported by residents and offices in Gachibowli.', '2022-08-13 10:50:00', '2022-08-14 09:30:00', 5, 7, 22),
(116, 'Public urination nuisance near City Palace Jaipur', 'People frequently urinating in public spaces near the City Palace, creating unhygienic conditions.', '2022-08-19 16:30:00', '2022-08-19 16:30:00', 6, 6, 24),
(117, 'Damaged children''s play area in Vastrapur Lake Garden', 'Play equipment in the children''s area at Vastrapur Lake Garden is broken and unsafe.', '2022-08-25 17:45:00', '2022-08-26 12:00:00', 7, 2, 26),
(118, 'Free health check-up camp in Kothrud Pune', 'A free health check-up camp organized by a local NGO in Kothrud this Sunday.', '2022-09-01 09:00:00', '2022-09-01 09:00:00', 8, 5, 28),
(119, 'Illegal parking near Besant Nagar Beach', 'Cars and bikes parked illegally on the roads leading to Besant Nagar Beach, causing congestion.', '2022-09-07 19:00:00', '2022-09-07 19:00:00', 9, 1, 30),
(120, 'Fallen hoarding blocking road in Gomti Nagar Lucknow', 'A large advertising hoarding fell and is blocking a lane in Gomti Nagar.', '2022-09-13 11:00:00', '2022-09-14 10:00:00', 10, 4, 1),
(121, 'Polluted water in Upper Lake Bhopal', 'Visible signs of pollution and algae bloom in the Upper Lake.', '2022-09-19 07:20:00', '2022-09-19 07:20:00', 11, 3, 3),
(122, 'Found Set of Keys near Rock Garden Chandigarh', 'A set of house and car keys found on the path near Rock Garden entrance.', '2022-09-25 14:30:00', '2022-09-25 14:30:00', 12, 8, 5),
(123, 'Electricity transformer sparking in Panampilly Nagar Kochi', 'An electricity transformer in Panampilly Nagar is sparking and emitting smoke.', '2022-10-01 20:45:00', '2022-10-02 09:00:00', 13, 4, 7),
(124, 'Bus stop shelter damaged in Paltan Bazaar Guwahati', 'The shelter at a busy bus stop in Paltan Bazaar is damaged and needs repair.', '2022-10-07 10:00:00', '2022-10-07 10:00:00', 14, 2, 9),
(125, 'Photography exhibition at Gaiety Theatre Shimla', 'Exhibition showcasing landscape photography of Himachal Pradesh at Gaiety Theatre.', '2022-10-13 12:00:00', '2022-10-13 12:00:00', 15, 5, 11),
(126, 'Noise from renovation work in Fontainhas Panaji', 'Loud renovation work in the Fontainhas area disturbing residents during the day.', '2022-10-19 15:00:00', '2022-10-20 11:30:00', 16, 6, 13),
(127, 'Street food vendors hygiene concern, Bhubaneswar Market', 'Hygiene standards of street food vendors in the main market area are questionable.', '2022-10-25 18:15:00', '2022-10-25 18:15:00', 17, 3, 15),
(128, 'No mobile signal in certain areas of Mussoorie Road Dehradun', 'Persistent lack of mobile network coverage on stretches of Mussoorie Road.', '2022-11-01 16:00:00', '2022-11-02 14:00:00', 18, 7, 17),
(129, 'Theft from parked cars at Yarada Beach Visakhapatnam', 'Several incidents of theft from cars parked near Yarada Beach reported.', '2022-11-07 13:40:00', '2022-11-07 13:40:00', 19, 4, 19),
(130, 'Dasara procession route announcement, Mysuru', 'Details of the Dasara procession route and timings announced by city authorities.', '2022-11-13 10:00:00', '2022-11-13 10:00:00', 20, 5, 21),
(131, 'Broken traffic barrier at Worli Sea Face', 'A traffic barrier at Worli Sea Face is broken and lying on the road.', '2022-11-19 20:00:00', '2022-11-20 09:00:00', 1, 2, 23),
(132, 'Misleading road signs in Daryaganj New Delhi', 'Road signs in Daryaganj area are confusing and misleading for commuters.', '2022-11-25 11:20:00', '2022-11-25 11:20:00', 2, 1, 25),
(133, 'Overflowing garbage bin near Howrah Bridge', 'A large municipal garbage bin near Howrah Bridge approach is overflowing for days.', '2022-12-01 07:45:00', '2022-12-02 10:00:00', 3, 3, 27),
(134, 'Lost Bag (Blue Backpack) near Lalbagh Bengaluru', 'A blue backpack containing books and a laptop charger lost near Lalbagh West Gate.', '2022-12-07 15:00:00', '2022-12-07 15:00:00', 4, 8, 29),
(135, 'Intermittent water supply in Kondapur Hyderabad', 'Residents of Kondapur receiving water supply only for a few hours irregularly.', '2022-12-13 06:00:00', '2022-12-14 08:30:00', 5, 7, 2),
(136, 'Unauthorized construction in Amer Fort area', 'Illegal construction activities reported near the protected Amer Fort zone.', '2022-12-19 14:00:00', '2022-12-19 14:00:00', 6, 2, 4),
(137, 'Dog barking nuisance in Satellite Ahmedabad', 'Persistent dog barking from a neighboring house causing disturbance in Satellite area.', '2022-12-25 23:00:00', '2022-12-26 09:00:00', 7, 6, 6),
(138, 'Pune International Film Festival announcement', 'Schedule and venue details for the upcoming Pune International Film Festival released.', '2023-01-02 17:00:00', '2023-01-02 17:00:00', 8, 5, 8),
(139, 'Broken seawall at Elliot''s Beach Chennai', 'A section of the seawall at Elliot''s Beach has collapsed, needs urgent repair.', '2023-01-08 09:30:00', '2023-01-09 11:00:00', 9, 2, 10),
(140, 'Chain snatching incident in Aminabad Lucknow', 'A woman''s gold chain was snatched by bike-borne miscreants in Aminabad market.', '2023-01-14 18:45:00', '2023-01-14 18:45:00', 10, 4, 12),
(141, 'Unsafe electrical pole in Arera Colony Bhopal', 'An old electrical pole in Arera Colony is tilted and seems unstable.', '2023-01-20 10:15:00', '2023-01-21 12:00:00', 11, 4, 14),
(142, 'Found kitten near Elante Mall Chandigarh', 'A small black kitten, very friendly, found near the parking area of Elante Mall.', '2023-01-26 19:30:00', '2023-01-26 19:30:00', 12, 8, 16),
(143, 'Road digging work left incomplete in Marine Drive Kochi', 'Road was dug up for cable work weeks ago and not repaired properly on Marine Drive, Kochi.', '2023-02-01 11:50:00', '2023-02-02 10:00:00', 13, 2, 18),
(144, 'Hazardous driving by city buses in Guwahati', 'City buses often jump signals and drive recklessly, especially on AT Road.', '2023-02-07 16:00:00', '2023-02-07 16:00:00', 14, 1, 20),
(145, 'Winter Carnival on The Ridge Shimla', 'Annual Winter Carnival featuring cultural programs and food stalls on The Ridge.', '2023-02-13 14:00:00', '2023-02-13 14:00:00', 15, 5, 22),
(146, 'Gambling activities in Miramar Beach area Panaji', 'Illegal gambling activities reported taking place openly near Miramar Beach in the evenings.', '2023-02-19 21:30:00', '2023-02-20 09:00:00', 16, 6, 24),
(147, 'Water logging near Lingaraj Temple Bhubaneswar', 'Even light rain causes water logging on the roads surrounding Lingaraj Temple.', '2023-02-25 08:45:00', '2023-02-25 08:45:00', 17, 2, 26),
(148, 'Power outage in Clement Town Dehradun', 'Unscheduled power outage affecting Clement Town area for over 4 hours.', '2023-03-03 19:50:00', '2023-03-04 10:00:00', 18, 7, 28),
(149, 'Pollution from fishing harbour Visakhapatnam', 'Waste and pollutants from the fishing harbour affecting nearby waters and air quality.', '2023-03-09 07:00:00', '2023-03-09 07:00:00', 19, 3, 30),
(150, 'Flower Show at Brindavan Gardens Mysuru', 'Annual flower show at Brindavan Gardens attracting large crowds.', '2023-03-15 11:00:00', '2023-03-15 11:00:00', 20, 5, 1);

-- Reports from mid-2023 onwards (IDs 151-250)
INSERT INTO Reports (reportID, Title, Description, createdAt, updatedAt, LocationID, CategoryID, UserID) VALUES
(151, 'Heatwave preparedness advisory issued', 'City authorities issue guidelines for extreme heat conditions in Mumbai.', '2023-04-05 10:00:00', '2023-04-05 12:30:00', 1, 4, 3),
(152, 'Water scarcity in parts of Hitech City', 'Residents report acute water shortage and demand tanker supply.', '2023-04-12 09:15:00', '2023-04-14 11:00:00', 5, 7, 11),
(153, 'Pre-monsoon drain cleaning drive in Kolkata', 'KMC initiates drain desilting work across central Kolkata.', '2023-05-02 11:30:00', '2023-05-02 11:30:00', 3, 2, 22),
(154, 'Summer vacation special events at Cubbon Park', 'Various activities and workshops for children planned at Cubbon Park.', '2023-05-10 14:00:00', '2023-05-10 14:00:00', 4, 5, 7),
(155, 'Road rage incident on MG Road, Delhi', 'Altercation between two drivers leads to traffic snarl near Connaught Place.', '2023-06-01 17:30:00', '2023-06-01 17:30:00', 2, 1, 15),
(156, 'Lost Drone in Navrangpura, Ahmedabad', 'DJI Mavic Air 2 lost contact, last seen flying over CG Road.', '2023-06-15 16:00:00', '2023-06-16 10:00:00', 7, 8, 28),
(157, 'Illegal dumping of construction debris near FC Road, Pune', 'Large piles of debris found near a residential area in Shivaji Nagar.', '2023-07-03 08:45:00', '2023-07-03 08:45:00', 8, 3, 5),
(158, 'Chennai Metro Phase 2 construction update', 'Progress report on the new metro lines impacting Anna Salai traffic.', '2023-07-20 12:10:00', '2023-07-21 09:00:00', 9, 2, 13),
(159, 'Theft of parked bicycles in Hazratganj, Lucknow', 'Multiple bicycles reported stolen from designated parking areas.', '2023-08-05 20:00:00', '2023-08-05 20:00:00', 10, 4, 21),
(160, 'Bhopal Lake conservation efforts discussion', 'Public meeting to discuss measures for preserving the Upper Lake ecosystem.', '2023-08-18 15:30:00', '2023-08-18 15:30:00', 11, 5, 1),
(161, 'New traffic rules implemented in Sector 17, Chandigarh', 'Chandigarh Traffic Police announce stricter enforcement of parking rules.', '2023-09-01 09:00:00', '2023-09-01 11:00:00', 12, 1, 10),
(162, 'Power outage due to transformer fault in Edappally, Kochi', 'Extended power cut affecting businesses and homes near Lulu Mall.', '2023-09-10 14:30:00', '2023-09-11 10:00:00', 13, 7, 20),
(163, 'Street Food Festival in Fancy Bazaar, Guwahati', 'Annual food festival showcasing local Assamese cuisine.', '2023-09-22 18:00:00', '2023-09-22 18:00:00', 14, 5, 17),
(164, 'Early snowfall disrupts traffic on Mall Road, Shimla', 'Unexpected early snowfall causes slippery roads and traffic jams.', '2023-10-05 11:00:00', '2023-10-05 15:00:00', 15, 1, 4),
(165, 'Found Lost Wallet near Immaculate Conception Church, Panaji', 'Wallet containing ID and some cash found, seeking owner.', '2023-10-15 13:20:00', '2023-10-15 13:20:00', 16, 8, 25),
(166, 'Air quality dips in Sahid Nagar, Bhubaneswar', 'Increased pollution levels reported post-Diwali celebrations.', '2023-11-14 08:00:00', '2023-11-14 10:30:00', 17, 3, 6),
(167, 'Road widening project on Rajpur Road, Dehradun delayed', 'Commuters face inconvenience due to stalled road construction.', '2023-11-25 10:15:00', '2023-11-25 10:15:00', 18, 2, 19),
(168, 'Beach cleaning initiative at RK Beach, Visakhapatnam', 'Volunteers gather for a massive cleanup drive post-cyclone.', '2023-12-03 07:30:00', '2023-12-03 07:30:00', 19, 5, 29),
(169, 'Noise pollution from loudspeakers near Mysore Palace', 'Residents complain about loud music from events near the palace.', '2023-12-10 22:00:00', '2023-12-11 09:00:00', 20, 6, 8),
(170, 'Christmas market preparations at Nariman Point, Mumbai', 'Stalls and decorations being set up for the annual Christmas market.', '2023-12-18 16:00:00', '2023-12-18 16:00:00', 1, 5, 12),
(171, 'Republic Day parade route diversions in Central Delhi', 'Traffic advisory issued for Republic Day rehearsals and main event.', '2024-01-15 12:00:00', '2024-01-15 12:00:00', 2, 1, 3),
(172, 'Kolkata Book Fair traffic management plan', 'Special parking and traffic arrangements for the annual book fair.', '2024-01-28 10:00:00', '2024-01-28 10:00:00', 3, 5, 26),
(173, 'Water pipeline burst near MG Road, Bengaluru', 'Major pipeline burst leads to waterlogging and supply disruption.', '2024-02-05 09:30:00', '2024-02-06 11:00:00', 4, 7, 14),
(174, 'Cybersecurity awareness workshop in Hitech City', 'Free workshop for professionals on data protection and cyber threats.', '2024-02-12 14:00:00', '2024-02-12 14:00:00', 5, 5, 23),
(175, 'Jaipur Literature Festival parking issues', 'Attendees complain about lack of adequate parking near the festival venue.', '2024-02-20 11:00:00', '2024-02-20 11:00:00', 6, 1, 2),
(176, 'Gas leak scare in Navrangpura residential area', 'Residents evacuated after strong smell of gas reported.', '2024-03-01 20:15:00', '2024-03-02 08:00:00', 7, 4, 27),
(177, 'Pune Metro expansion causes traffic diversions on FC Road', 'New metro construction phase leads to road closures and diversions.', '2024-03-10 10:45:00', '2024-03-10 10:45:00', 8, 1, 16),
(178, 'Stray dog vaccination drive in Chennai Central', 'NGO organizes free anti-rabies vaccination for stray dogs.', '2024-03-18 09:00:00', '2024-03-18 09:00:00', 9, 5, 30),
(179, 'Unsafe building structure near Vidhan Sabha, Lucknow', 'Portion of an old building collapses, authorities inspect nearby structures.', '2024-04-02 13:00:00', '2024-04-03 10:00:00', 10, 4, 9),
(180, 'Bhopal International Film Festival announced', 'Dates and venue for the annual film festival in Bhopal released.', '2024-04-10 16:30:00', '2024-04-10 16:30:00', 11, 5, 18),
(181, 'Chandigarh Rose Festival preparations', 'Gardens being readied for the annual Rose Festival in Sector 16.', '2024-04-20 11:00:00', '2024-04-20 11:00:00', 12, 5, 1),
(182, 'Kochi-Muziris Biennale art installations damaged', 'Some outdoor art installations affected by heavy rains.', '2024-05-05 10:00:00', '2024-05-06 12:00:00', 13, 2, 24),
(183, 'Bihu festival celebrations in Guwahati', 'Traffic restrictions in place for Bihu processions on GS Road.', '2024-05-14 17:00:00', '2024-05-14 17:00:00', 14, 5, 17),
(184, 'Landslide on Kalka-Shimla highway disrupts Shimla access', 'Highway blocked near Solan, affecting tourist flow to Shimla.', '2024-06-02 09:20:00', '2024-06-03 14:00:00', 15, 4, 4),
(185, 'Goa monsoon tourism advisory', 'Safety guidelines issued for tourists visiting Goa during monsoon.', '2024-06-10 12:30:00', '2024-06-10 12:30:00', 16, 4, 25),
(186, 'Ratha Jatra preparations in Puri (near Bhubaneswar)', 'Massive arrangements for the annual chariot festival.', '2024-06-20 15:00:00', '2024-06-20 15:00:00', 17, 5, 6),
(187, 'Char Dham Yatra traffic congestion in Uttarakhand', 'Heavy pilgrim traffic leading to jams on routes to Dehradun and beyond.', '2024-07-01 11:50:00', '2024-07-01 11:50:00', 18, 1, 19),
(188, 'Visakhapatnam port expansion project faces environmental concerns', 'Activists raise concerns over impact on marine life.', '2024-07-10 14:00:00', '2024-07-11 10:30:00', 19, 3, 29),
(189, 'Mysuru Dasara 2024 planning meeting', 'Initial planning meeting for the grand Dasara festivities.', '2024-07-22 16:00:00', '2024-07-22 16:00:00', 20, 5, 8),
(190, 'Mumbai local train disruptions due to heavy rain', 'Suburban train services affected, several cancellations and delays.', '2024-08-05 08:30:00', '2024-08-05 11:00:00', 1, 7, 12),
(191, 'Independence Day security heightened in Delhi', 'Extensive security measures and traffic restrictions around Red Fort.', '2024-08-12 10:00:00', '2024-08-12 10:00:00', 2, 4, 3),
(192, 'Durga Puja idol immersion traffic plan for Kolkata', 'Police announce routes and restrictions for idol immersion processions.', '2024-09-15 14:30:00', '2024-09-15 14:30:00', 3, 1, 26),
(193, 'Bengaluru Tech Summit dates announced', 'Annual tech summit to be held at Bangalore Palace grounds.', '2024-09-25 11:15:00', '2024-09-25 11:15:00', 4, 5, 14),
(194, 'Illegal sand mining reported in Chambal river (affects Rajasthan)', 'Reports of illegal mining operations impacting river ecosystem near Jaipur access points.', '2024-10-03 09:00:00', '2024-10-04 12:00:00', 6, 3, 2),
(195, 'Ahmedabad heritage walk gains popularity', 'Increased tourist participation in guided walks through old city.', '2024-10-12 10:30:00', '2024-10-12 10:30:00', 7, 5, 27),
(196, 'Pune Book Fair draws large crowds', 'Book fair at FC Road grounds sees high footfall.', '2024-10-20 15:00:00', '2024-10-20 15:00:00', 8, 5, 16),
(197, 'Chennai Music Season schedule released', 'Details of concerts and artists for the December music festival.', '2024-11-01 17:00:00', '2024-11-01 17:00:00', 9, 5, 30),
(198, 'Winter smog affects visibility in Lucknow', 'Reduced visibility due to smog, health advisory issued.', '2024-11-10 08:00:00', '2024-11-10 10:00:00', 10, 3, 9),
(199, 'Bhopal heritage sites restoration project', 'ASI announces restoration plans for several historical monuments.', '2024-11-18 12:45:00', '2024-11-18 12:45:00', 11, 2, 18),
(200, 'Chandigarh Carnival dates and events finalized', 'Annual city carnival to feature parades and cultural shows.', '2024-11-28 14:00:00', '2024-11-28 14:00:00', 12, 5, 1),
(201, 'Kochi New Year celebrations security plan', 'Enhanced security measures for New Year''s Eve at Fort Kochi.', '2024-12-20 11:00:00', '2024-12-20 11:00:00', 13, 4, 24),
(202, 'Guwahati International Film Festival lineup announced', 'Selection of films for the upcoming festival in January.', '2024-12-28 15:30:00', '2024-12-28 15:30:00', 14, 5, 17),
(203, 'Shimla Ice Skating Rink opens for season', 'Natural ice skating rink operational after cold spell.', '2025-01-05 10:00:00', '2025-01-05 10:00:00', 15, 5, 4),
(204, 'Goa Carnival 2025 parade route confirmed', 'Details of the float parade route for Panaji released.', '2025-01-15 13:00:00', '2025-01-15 13:00:00', 16, 5, 25),
(205, 'Bhubaneswar Patha Utsav resumes after break', 'Weekly street festival resumes on Janpath, promoting healthy lifestyle.', '2025-01-22 09:00:00', '2025-01-22 09:00:00', 17, 5, 6),
(206, 'Dehradun Spring Festival (Vasantotsav) dates set', 'Annual flower and cultural festival announced for March.', '2025-02-01 12:00:00', '2025-02-01 12:00:00', 18, 5, 19),
(207, 'Vizag Navy Day preparations underway', 'Naval base preparing for demonstrations and fleet review.', '2025-02-10 10:45:00', '2025-02-10 10:45:00', 19, 5, 29),
(208, 'Mysuru Yoga Festival attracts international participants', 'Week-long yoga festival sees global participation.', '2025-02-18 11:30:00', '2025-02-18 11:30:00', 20, 5, 8),
(209, 'Mumbai Marathon 2025 route and registration details', 'Information released for the upcoming annual marathon.', '2025-02-28 16:00:00', '2025-02-28 16:00:00', 1, 5, 12),
(210, 'Holi safety advisory by Delhi Police', 'Guidelines issued for safe and responsible Holi celebrations.', '2025-03-05 14:00:00', '2025-03-05 14:00:00', 2, 4, 3),
(211, 'Kolkata Metro East-West line full operational status', 'Update on the complete commissioning of the East-West metro corridor.', '2025-03-12 10:00:00', '2025-03-13 09:30:00', 3, 2, 26),
(212, 'Bengaluru airport new terminal traffic flow issues', 'Commuters report congestion and confusion with new terminal access.', '2025-03-20 08:45:00', '2025-03-20 11:00:00', 4, 1, 14),
(213, 'Hyderabad Outer Ring Road speed limit revision proposal', 'Authorities considering revising speed limits on ORR.', '2025-03-28 13:15:00', '2025-03-28 13:15:00', 5, 1, 23),
(214, 'Jaipur City beautification drive ahead of tourist season', 'Civic bodies undertake cleaning and painting drives in key areas.', '2025-04-04 11:00:00', '2025-04-04 11:00:00', 6, 2, 2),
(215, 'Ahmedabad Riverfront development Phase 2 progress', 'Update on the extension of the Sabarmati Riverfront project.', '2025-04-10 15:30:00', '2025-04-11 10:00:00', 7, 2, 27),
(216, 'Pune public transport EV bus fleet expansion', 'PMPML adds new electric buses to its fleet.', '2025-04-18 09:50:00', '2025-04-18 09:50:00', 8, 2, 16),
(217, 'Chennai Coastal cleanup volunteer call', 'NGOs call for volunteers for a major coastal cleanup drive.', '2025-04-25 10:00:00', '2025-04-25 10:00:00', 9, 5, 30),
(218, 'Lucknow Food Truck Festival announced', 'First-ever food truck festival to be held in Gomti Nagar Riverfront.', '2025-05-02 14:20:00', '2025-05-02 14:20:00', 10, 5, 9),
(219, 'Illegal parking crackdown near DB City Mall, Bhopal', 'Police towing vehicles parked in no-parking zones.', '2025-05-08 17:00:00', '2025-05-08 17:00:00', 11, 1, 18),
(220, 'Chandigarh cycle sharing program facing maintenance issues', 'Users complain about broken cycles and empty docking stations.', '2025-05-12 11:00:00', '2025-05-13 09:00:00', 12, 2, 1),
(221, 'Water logging on Marine Drive, Kochi after pre-monsoon showers', 'Heavy rains lead to temporary water logging, traffic affected.', '2025-05-15 16:30:00', '2025-05-15 18:00:00', 13, 2, 24),
(222, 'Brahmaputra river cruise tourism promotion, Guwahati', 'New initiatives to promote river tourism on the Brahmaputra.', '2025-05-18 10:00:00', '2025-05-18 10:00:00', 14, 5, 17),
(223, 'Shimla ropeway project environmental impact assessment', 'Public hearing for the proposed new ropeway project.', '2025-05-19 14:00:00', '2025-05-19 14:00:00', 15, 3, 4),
(224, 'Panaji smart city project update: WiFi hotspots installation', 'Progress on installing public WiFi hotspots across the city.', '2025-05-20 09:30:00', '2025-05-20 11:00:00', 16, 2, 25),
(225, 'Bhubaneswar temple heritage corridor development plan', 'Authorities unveil plans for developing corridors around major temples.', '2025-05-21 10:15:00', '2025-05-21 10:15:00', 17, 2, 6),
(226, 'Dehradun air quality monitoring stations to be increased', 'Plan to install more AQI monitors across the city.', '2023-09-05 10:00:00', '2023-09-05 12:30:00', 18, 3, 19),
(227, 'Vizag beach nourishment project update', 'Progress on efforts to counter coastal erosion at RK Beach.', '2023-10-10 09:15:00', '2023-10-11 11:00:00', 19, 2, 29),
(228, 'Mysuru cycling track development proposal', 'City plans to develop dedicated cycling tracks in key areas.', '2023-11-15 11:30:00', '2023-11-15 11:30:00', 20, 2, 8),
(229, 'Mumbai coastal road southern phase opening', 'Section of the coastal road opened for public, easing traffic.', '2024-02-10 14:00:00', '2024-02-10 14:00:00', 1, 2, 12),
(230, 'Delhi EV charging infrastructure expansion plan', 'Government announces plan to add 1000 new EV charging stations.', '2024-03-05 17:30:00', '2024-03-05 17:30:00', 2, 2, 3),
(231, 'Kolkata tramways modernization project', 'Plans to upgrade tram tracks and introduce new modern trams.', '2024-04-12 16:00:00', '2024-04-13 10:00:00', 3, 2, 26),
(232, 'Bengaluru suburban rail project progress', 'Update on land acquisition and tendering for suburban rail corridors.', '2024-05-18 08:45:00', '2024-05-18 08:45:00', 4, 2, 14),
(233, 'Hyderabad Pharma City environmental clearance issues', 'NGT hearing on environmental concerns related to Pharma City.', '2024-06-22 12:10:00', '2024-06-23 09:00:00', 5, 3, 23),
(234, 'Jaipur International Airport new terminal construction starts', 'Foundation stone laid for the new integrated terminal building.', '2024-07-28 20:00:00', '2024-07-28 20:00:00', 6, 2, 2),
(235, 'Ahmedabad BRTS route expansion to western areas', 'New BRTS corridors planned to connect western suburbs.', '2024-08-30 15:30:00', '2024-08-30 15:30:00', 7, 2, 27),
(236, 'Pune riverfront development project public consultation', 'PMC holds public meetings to discuss riverfront design.', '2024-09-10 09:00:00', '2024-09-10 11:00:00', 8, 5, 16),
(237, 'Chennai desalination plant capacity enhancement', 'Plan to increase capacity of Nemmeli desalination plant.', '2024-10-15 14:30:00', '2024-10-16 10:00:00', 9, 7, 30),
(238, 'Lucknow Defence Expo 2025 preparations', 'Venue being prepared for the upcoming Defence Expo.', '2024-11-20 18:00:00', '2024-11-20 18:00:00', 10, 5, 9),
(239, 'Bhopal Smart City initiatives review', 'Review meeting to assess progress of smart city projects.', '2024-12-05 11:00:00', '2024-12-05 15:00:00', 11, 2, 18),
(240, 'Chandigarh Bird Park sees record visitor numbers', 'Increased footfall at the newly opened Bird Park.', '2025-01-10 13:20:00', '2025-01-10 13:20:00', 12, 5, 1),
(241, 'Kochi Water Metro ridership statistics released', 'Positive ridership figures for the Water Metro service.', '2025-01-25 08:00:00', '2025-01-25 10:30:00', 13, 1, 24),
(242, 'Guwahati Ropeway over Brahmaputra upgrade plans', 'Proposal to upgrade capacity and amenities of the ropeway.', '2025-02-08 10:15:00', '2025-02-08 10:15:00', 14, 2, 17),
(243, 'Shimla toy train Vistadome coaches demand increases', 'Railways to add more Vistadome coaches on Kalka-Shimla line.', '2025-02-15 12:45:00', '2025-02-16 09:00:00', 15, 1, 4),
(244, 'Goa Mopa Airport connectivity improvements', 'New bus routes and taxi services planned for Mopa Airport.', '2025-03-01 14:00:00', '2025-03-01 14:00:00', 16, 1, 25),
(245, 'Bhubaneswar Nandankanan Zoo animal exchange program', 'Zoo to acquire new animals through exchange with other zoos.', '2025-03-10 16:30:00', '2025-03-10 16:30:00', 17, 5, 6),
(246, 'Dehradun Song Dam project update', 'Progress report on the drinking water project for Dehradun.', '2025-03-20 11:00:00', '2025-03-20 11:00:00', 18, 2, 19),
(247, 'Visakhapatnam IT SEZ expansion proposal', 'Government considering proposal to expand IT SEZ in Rushikonda.', '2025-04-05 09:00:00', '2025-04-05 12:00:00', 19, 2, 29),
(248, 'Mysuru Film City project revived', 'State government revives plans for developing a film city near Mysuru.', '2025-04-15 15:00:00', '2025-04-15 15:00:00', 20, 2, 8),
(249, 'Mumbai Trans Harbour Sea Link traffic analysis', 'Study on traffic patterns and toll collection post MTHL opening.', '2025-05-01 10:30:00', '2025-05-01 10:30:00', 1, 1, 12),
(250, 'Nationwide heatwave alert for May 2025', 'IMD issues heatwave warnings for several states, including Delhi.', '2025-05-10 12:00:00', '2025-05-10 12:00:00', 2, 4, 3);

-- Reports for Patna, Indore, etc. (LocationIDs 21-28), ReportIDs 251-274
INSERT INTO Reports (reportID, Title, Description, createdAt, updatedAt, LocationID, CategoryID, UserID) VALUES
-- Patna (LocationID 21)
(251, 'Traffic congestion near Patna Junction', 'Heavy traffic during peak hours on station road, need better management.', '2024-06-10 09:30:00', '2024-06-10 11:00:00', 21, 1, 5),
(252, 'Ganga riverbank cleanliness drive initiative', 'Call for volunteers for cleaning the Ganga ghats near Gandhi Maidan area.', '2024-07-15 10:00:00', '2024-07-15 10:00:00', 21, 5, 10),
(253, 'Broken streetlight on Fraser Road', 'Streetlight near Patna Central Mall non-functional for a week.', '2025-01-20 19:00:00', '2025-01-21 09:30:00', 21, 2, 15),

-- Indore (LocationID 22)
(254, 'Illegal food stalls causing obstruction at Sarafa Bazaar', 'Unregulated food stalls encroaching on walking space in night market.', '2024-08-05 22:00:00', '2024-08-06 10:00:00', 22, 6, 7),
(255, 'Potholes on AB Road causing accidents', 'Multiple large potholes near Vijay Nagar square are dangerous for commuters.', '2024-09-12 11:15:00', '2024-09-12 11:15:00', 22, 2, 12),
(256, 'Indore Marathon route announcement', 'Annual city marathon planned, route covers Rajwada and Palasia.', '2025-02-05 14:00:00', '2025-02-05 14:00:00', 22, 5, 20),

-- Surat (LocationID 23)
(257, 'Tapi Riverfront development plan public feedback', 'Municipal corporation seeks public opinion on new riverfront project.', '2024-10-01 15:00:00', '2024-10-01 15:00:00', 23, 5, 3),
(258, 'Textile market fire safety concerns', 'Need for better fire safety measures in crowded textile markets in Ring Road area.', '2024-11-08 12:30:00', '2024-11-09 09:00:00', 23, 4, 25),
(259, 'Diamond industry workers health camp', 'Free health check-up camp for workers in the diamond polishing units.', '2025-03-10 10:00:00', '2025-03-10 10:00:00', 23, 5, 1),

-- Nagpur (LocationID 24)
(260, 'Orange City Craft Mela at Kasturchand Park', 'Annual craft fair showcasing local artisans and handicrafts.', '2024-12-01 11:00:00', '2024-12-01 11:00:00', 24, 5, 18),
(261, 'Water supply disruption in Dharampeth area', 'Unscheduled water cut affecting residential areas in Dharampeth.', '2025-01-15 08:00:00', '2025-01-16 10:30:00', 24, 7, 22),
(262, 'Zero Mile Stone beautification project status', 'Update on the renovation and beautification work around Zero Mile Stone.', '2025-04-05 16:00:00', '2025-04-05 16:00:00', 24, 2, 6),

-- Ludhiana (LocationID 25)
(263, 'Industrial pollution in Focal Point area', 'Complaints of air and water pollution from factories in industrial area.', '2024-07-20 10:45:00', '2024-07-21 11:00:00', 25, 3, 14),
(264, 'Traffic chaos at Samrala Chowk', 'Need for flyover or better traffic management at busy Samrala Chowk.', '2024-09-02 17:30:00', '2024-09-02 17:30:00', 25, 1, 28),
(265, 'Kila Raipur Sports Festival (Rural Olympics) dates', 'Schedule announced for the famous rural sports festival near Ludhiana.', '2025-02-10 13:00:00', '2025-02-10 13:00:00', 25, 5, 4),

-- Kozhikode (LocationID 26)
(266, 'SM Street heritage preservation concerns', 'Concerns over modernization affecting heritage character of Sweet Meat Street.', '2024-08-15 14:00:00', '2024-08-16 10:00:00', 26, 2, 21),
(267, 'Kozhikode Beach cleanliness and maintenance issues', 'Littering and lack of dustbins affecting cleanliness of the beach.', '2024-10-10 09:00:00', '2024-10-10 09:00:00', 26, 3, 9),
(268, 'Malabar River Festival kayaking competition', 'International kayaking event to be held on rivers near Kozhikode.', '2025-04-18 11:30:00', '2025-04-18 11:30:00', 26, 5, 11),

-- Raipur (LocationID 27)
(269, 'Naya Raipur development project phase review', 'Assessment of ongoing infrastructure projects in Naya Raipur.', '2024-11-20 12:00:00', '2024-11-20 12:00:00', 27, 2, 19),
(270, 'Found Lost Bag near Magneto Mall', 'Black backpack with books found near the mall entrance.', '2025-01-25 18:30:00', '2025-01-25 18:30:00', 27, 8, 7),
(271, 'Chhattisgarh Rajyotsav cultural programs', 'State foundation day celebrations with cultural events at Science College Ground.', '2025-05-01 19:00:00', '2025-05-01 19:00:00', 27, 5, 16),

-- Srinagar (LocationID 28)
(272, 'Dal Lake de-weeding and cleaning operations', 'Authorities undertake extensive cleaning of Dal Lake before tourist season.', '2025-03-15 10:30:00', '2025-03-16 11:00:00', 28, 3, 29),
(273, 'Traffic restrictions on Boulevard Road due to VIP movement', 'Temporary traffic diversions for security reasons.', '2025-04-10 11:00:00', '2025-04-10 11:00:00', 28, 1, 2),
(274, 'Tulip Garden opening announcement for 2025', 'Asia''s largest tulip garden to open for visitors, dates announced.', '2025-04-22 15:00:00', '2025-04-22 15:00:00', 28, 5, 13);


-- Votes Table Inserts (Covering all 274 reports with varied votes)
-- Votes for original 10 reports
INSERT INTO Votes (ReportID, UserID, VoteType, votedAt) VALUES
(1, 2, 'Upvote', '2022-01-10 09:00:00'), (1, 3, 'Upvote', '2022-01-10 09:30:00'), (1, 4, 'Upvote', '2022-01-11 10:00:00'),
(1, 11, 'Upvote', '2022-01-11 11:00:00'), (1, 12, 'Downvote', '2022-01-11 12:00:00'),
(2, 1, 'Downvote', '2022-02-15 15:00:00'), (2, 5, 'Downvote', '2022-02-15 16:00:00'), (2, 6, 'Downvote', '2022-02-16 10:00:00'),
(2, 13, 'Upvote', '2022-02-16 11:00:00'),
(3, 6, 'Upvote', '2022-03-05 12:00:00'), (3, 7, 'Upvote', '2022-03-06 09:00:00'), (3, 15, 'Upvote', '2022-03-06 10:00:00'),
(4, 7, 'Downvote', '2022-07-20 19:00:00'), (4, 8, 'Downvote', '2022-07-21 08:00:00'), (4, 9, 'Downvote', '2022-07-21 09:00:00'),
(4, 1, 'Upvote', '2022-07-21 10:00:00'), (4, 10, 'Upvote', '2022-07-21 11:00:00'),
(5, 8, 'Upvote', '2022-04-10 10:00:00'), (5, 1, 'Upvote', '2022-04-10 11:00:00'), (5, 13, 'Upvote', '2022-04-11 09:00:00'),
(6, 9, 'Upvote', '2022-05-25 18:00:00'), (6, 10, 'Upvote', '2022-05-26 10:00:00'), (6, 17, 'Upvote', '2022-05-27 11:00:00'),
(7, 10, 'Downvote', '2022-06-12 23:00:00'), (7, 1, 'Downvote', '2022-06-13 08:00:00'), (7, 14, 'Downvote', '2022-06-13 09:00:00'),
(8, 1, 'Upvote', '2022-08-01 23:30:00'), (8, 2, 'Upvote', '2022-08-02 07:00:00'), (8, 18, 'Upvote', '2022-08-02 07:30:00'),
(9, 3, 'Downvote', '2022-09-15 11:00:00'), (9, 4, 'Downvote', '2022-09-16 10:00:00'), (9, 16, 'Upvote', '2022-09-16 11:00:00'),
(10, 5, 'Upvote', '2022-10-02 08:00:00'), (10, 7, 'Upvote', '2022-10-02 09:00:00'), (10, 9, 'Upvote', '2022-10-03 10:00:00');

-- Votes for Reports 11-50
INSERT INTO Votes (ReportID, UserID, VoteType, votedAt) VALUES
(11, 1, 'Upvote', '2022-11-01 20:00:00'), (11, 2, 'Upvote', '2022-11-02 09:00:00'), (11, 3, 'Downvote', '2022-11-02 10:00:00'), (11, 4, 'Upvote', '2022-11-03 11:00:00'),
(12, 4, 'Upvote', '2022-11-05 09:00:00'), (12, 5, 'Upvote', '2022-11-05 10:00:00'), (12, 6, 'Upvote', '2022-11-05 11:00:00'),
(13, 6, 'Downvote', '2022-11-10 18:00:00'), (13, 7, 'Downvote', '2022-11-11 08:00:00'), (13, 8, 'Upvote', '2022-11-11 09:30:00'), (13, 9, 'Upvote', '2022-11-11 10:30:00'),
(14, 1, 'Upvote', '2022-11-15 15:00:00'), (14, 2, 'Upvote', '2022-11-15 16:00:00'), (14, 3, 'Downvote', '2022-11-16 09:00:00'), (14, 4, 'Upvote', '2022-11-16 10:00:00'),
(15, 5, 'Upvote', '2022-11-20 17:00:00'), (15, 6, 'Upvote', '2022-11-20 18:00:00'), (15, 7, 'Upvote', '2022-11-21 08:00:00'), (15, 8, 'Upvote', '2022-11-21 11:30:00'),
(16, 10, 'Upvote', '2022-11-25 10:00:00'), (16, 11, 'Downvote', '2022-11-25 11:00:00'), (16, 12, 'Upvote', '2022-11-26 09:00:00'),
(17, 13, 'Upvote', '2022-12-01 12:00:00'), (17, 14, 'Upvote', '2022-12-01 13:00:00'), (17, 15, 'Upvote', '2022-12-02 10:00:00'), (17, 1, 'Downvote', '2022-12-03 15:30:00'),
(18, 16, 'Downvote', '2022-12-05 23:00:00'), (18, 17, 'Downvote', '2022-12-06 07:00:00'), (18, 1, 'Upvote', '2022-12-06 08:30:00'),
(19, 18, 'Upvote', '2022-12-10 11:00:00'), (19, 19, 'Upvote', '2022-12-10 12:00:00'), (19, 1, 'Upvote', '2022-12-11 09:00:00'),
(20, 21, 'Upvote', '2022-12-15 14:00:00'), (20, 22, 'Downvote', '2022-12-15 15:00:00'), (20, 23, 'Upvote', '2022-12-16 10:00:00'), (20, 24, 'Upvote', '2022-12-17 16:30:00'),
(21, 23, 'Upvote', '2023-01-02 08:00:00'), (21, 24, 'Upvote', '2023-01-02 09:00:00'), (21, 25, 'Upvote', '2023-01-02 10:00:00'),
(22, 26, 'Upvote', '2023-01-07 12:00:00'), (22, 27, 'Upvote', '2023-01-07 13:00:00'), (22, 28, 'Upvote', '2023-01-07 14:00:00'),
(23, 28, 'Downvote', '2023-01-12 17:00:00'), (23, 29, 'Upvote', '2023-01-12 18:00:00'), (23, 30, 'Upvote', '2023-01-13 09:00:00'),
(24, 1, 'Upvote', '2023-01-18 11:00:00'), (24, 3, 'Downvote', '2023-01-18 12:00:00'), (24, 4, 'Upvote', '2023-01-19 09:00:00'), (24, 5, 'Upvote', '2023-01-19 14:30:00'),
(25, 5, 'Upvote', '2023-01-22 09:00:00'), (25, 7, 'Upvote', '2023-01-22 10:00:00'), (25, 9, 'Upvote', '2023-01-22 11:00:00'),
(26, 2, 'Upvote', '2023-01-28 18:00:00'), (26, 4, 'Upvote', '2023-01-28 19:00:00'), (26, 6, 'Upvote', '2023-01-29 10:00:00'), (26, 8, 'Downvote', '2023-01-30 12:30:00'),
(27, 6, 'Downvote', '2023-02-03 10:00:00'), (27, 8, 'Upvote', '2023-02-03 11:00:00'), (27, 10, 'Upvote', '2023-02-03 12:00:00'),
(28, 12, 'Upvote', '2023-02-08 19:00:00'), (28, 14, 'Upvote', '2023-02-08 20:00:00'), (28, 16, 'Upvote', '2023-02-08 21:00:00'),
(29, 16, 'Upvote', '2023-02-14 12:00:00'), (29, 18, 'Downvote', '2023-02-14 13:00:00'), (29, 20, 'Upvote', '2023-02-15 09:00:00'), (29, 22, 'Upvote', '2023-02-15 10:30:00'),
(30, 22, 'Upvote', '2023-02-19 07:00:00'), (30, 24, 'Upvote', '2023-02-19 08:00:00'), (30, 26, 'Upvote', '2023-02-19 09:00:00'),
(31, 25, 'Upvote', '2023-02-25 18:00:00'), (31, 1, 'Downvote', '2023-02-25 19:00:00'), (31, 4, 'Upvote', '2023-02-26 09:00:00'), (31, 6, 'Upvote', '2023-02-26 10:30:00'),
(32, 2, 'Upvote', '2023-03-02 12:30:00'), (32, 3, 'Upvote', '2023-03-02 13:00:00'), (32, 6, 'Downvote', '2023-03-02 14:00:00'),
(33, 4, 'Downvote', '2023-03-08 09:00:00'), (33, 5, 'Upvote', '2023-03-08 10:00:00'), (33, 8, 'Upvote', '2023-03-09 09:00:00'), (33, 10, 'Upvote', '2023-03-09 12:30:00'),
(34, 6, 'Upvote', '2023-03-14 17:00:00'), (34, 7, 'Upvote', '2023-03-14 17:30:00'), (34, 10, 'Upvote', '2023-03-14 18:00:00'),
(35, 8, 'Upvote', '2023-03-20 11:00:00'), (35, 9, 'Downvote', '2023-03-20 12:00:00'), (35, 12, 'Upvote', '2023-03-21 10:00:00'), (35, 14, 'Upvote', '2023-03-21 14:30:00'),
(36, 10, 'Upvote', '2023-03-26 14:00:00'), (36, 11, 'Upvote', '2023-03-26 14:30:00'), (36, 14, 'Upvote', '2023-03-26 15:00:00'),
(37, 12, 'Upvote', '2023-04-01 10:00:00'), (37, 13, 'Upvote', '2023-04-01 11:00:00'), (37, 16, 'Upvote', '2023-04-02 09:00:00'), (37, 18, 'Downvote', '2023-04-02 11:30:00'),
(38, 14, 'Downvote', '2023-04-07 23:30:00'), (38, 15, 'Downvote', '2023-04-08 00:00:00'), (38, 18, 'Upvote', '2023-04-08 01:00:00'),
(39, 16, 'Upvote', '2023-04-13 08:00:00'), (39, 17, 'Upvote', '2023-04-13 08:30:00'), (39, 20, 'Upvote', '2023-04-14 08:00:00'), (39, 22, 'Upvote', '2023-04-14 09:30:00'),
(40, 18, 'Upvote', '2023-04-19 19:00:00'), (40, 19, 'Downvote', '2023-04-19 19:30:00'), (40, 22, 'Upvote', '2023-04-20 10:00:00'),
(41, 20, 'Upvote', '2023-04-25 16:00:00'), (41, 21, 'Upvote', '2023-04-25 16:30:00'), (41, 24, 'Upvote', '2023-04-25 17:00:00'),
(42, 22, 'Upvote', '2023-05-01 20:00:00'), (42, 23, 'Upvote', '2023-05-01 20:30:00'), (42, 26, 'Downvote', '2023-05-01 21:00:00'),
(43, 24, 'Downvote', '2023-05-07 09:00:00'), (43, 25, 'Downvote', '2023-05-07 09:30:00'), (43, 28, 'Upvote', '2023-05-08 08:00:00'), (43, 30, 'Upvote', '2023-05-08 10:45:00'),
(44, 26, 'Upvote', '2023-05-13 13:00:00'), (44, 27, 'Upvote', '2023-05-13 13:30:00'), (44, 1, 'Upvote', '2023-05-13 14:00:00'),
(45, 28, 'Upvote', '2023-05-19 15:00:00'), (45, 29, 'Upvote', '2023-05-19 15:30:00'), (45, 3, 'Upvote', '2023-05-20 10:00:00'), (45, 5, 'Downvote', '2023-05-20 11:15:00'),
(46, 30, 'Downvote', '2023-05-25 22:30:00'), (46, 1, 'Downvote', '2023-05-25 23:00:00'), (46, 5, 'Downvote', '2023-05-25 23:30:00'),
(47, 2, 'Upvote', '2023-06-01 12:00:00'), (47, 3, 'Upvote', '2023-06-01 12:30:00'), (47, 7, 'Upvote', '2023-06-02 10:00:00'), (47, 9, 'Upvote', '2023-06-02 13:30:00'),
(48, 4, 'Upvote', '2023-06-07 11:00:00'), (48, 5, 'Upvote', '2023-06-07 11:30:00'), (48, 9, 'Downvote', '2023-06-07 12:00:00'),
(49, 6, 'Upvote', '2023-06-13 08:00:00'), (49, 7, 'Upvote', '2023-06-13 08:30:00'), (49, 11, 'Upvote', '2023-06-14 08:00:00'),
(50, 8, 'Upvote', '2023-06-19 09:00:00'), (50, 9, 'Upvote', '2023-06-19 09:30:00'), (50, 13, 'Upvote', '2023-06-19 10:00:00');

-- Votes for Reports 51-150
-- (Generating 2-4 votes per report to be comprehensive)
INSERT INTO Votes (ReportID, UserID, VoteType, votedAt) VALUES
(51, 1, 'Upvote', '2023-06-25 17:00:00'), (51, 2, 'Upvote', '2023-06-26 10:00:00'), (51, 3, 'Downvote', '2023-06-26 12:30:00'),
(52, 4, 'Downvote', '2023-07-01 15:00:00'), (52, 5, 'Upvote', '2023-07-01 16:00:00'),
(53, 6, 'Upvote', '2023-07-07 10:00:00'), (53, 7, 'Upvote', '2023-07-08 09:00:00'), (53, 8, 'Upvote', '2023-07-08 11:30:00'),
(54, 9, 'Upvote', '2023-07-13 11:00:00'), (54, 10, 'Upvote', '2023-07-13 12:00:00'),
(55, 11, 'Downvote', '2023-07-19 08:00:00'), (55, 12, 'Downvote', '2023-07-20 07:00:00'), (55, 13, 'Upvote', '2023-07-20 10:00:00'),
(56, 14, 'Upvote', '2023-07-25 18:00:00'), (56, 15, 'Upvote', '2023-07-25 19:00:00'),
(57, 1, 'Upvote', '2023-08-01 19:00:00'), (57, 2, 'Upvote', '2023-08-01 20:00:00'), (57, 3, 'Upvote', '2023-08-02 09:00:00'),
(58, 4, 'Downvote', '2023-08-07 13:00:00'), (58, 5, 'Downvote', '2023-08-08 10:00:00'),
(59, 6, 'Upvote', '2023-08-13 12:00:00'), (59, 7, 'Upvote', '2023-08-13 13:00:00'), (59, 8, 'Downvote', '2023-08-13 14:00:00'),
(60, 9, 'Upvote', '2023-08-19 17:00:00'), (60, 10, 'Upvote', '2023-08-20 09:00:00'),
(61, 11, 'Downvote', '2023-08-25 10:00:00'), (61, 12, 'Upvote', '2023-08-25 11:00:00'), (61, 13, 'Upvote', '2023-08-25 12:00:00'),
(62, 14, 'Upvote', '2023-09-01 07:00:00'), (62, 15, 'Upvote', '2023-09-01 08:00:00'),
(63, 16, 'Upvote', '2023-09-07 21:00:00'), (63, 17, 'Downvote', '2023-09-08 07:00:00'), (63, 18, 'Upvote', '2023-09-08 08:30:00'),
(64, 19, 'Upvote', '2023-09-13 16:00:00'), (64, 20, 'Upvote', '2023-09-13 17:00:00'),
(65, 21, 'Downvote', '2023-09-19 14:00:00'), (65, 22, 'Upvote', '2023-09-19 15:00:00'), (65, 23, 'Upvote', '2023-09-19 16:00:00'),
(66, 24, 'Upvote', '2023-09-25 11:00:00'), (66, 25, 'Upvote', '2023-09-26 10:00:00'),
(67, 26, 'Downvote', '2023-10-01 22:00:00'), (67, 27, 'Upvote', '2023-10-01 23:00:00'), (67, 28, 'Upvote', '2023-10-02 09:00:00'),
(68, 29, 'Upvote', '2023-10-07 08:00:00'), (68, 30, 'Downvote', '2023-10-08 08:00:00'),
(69, 1, 'Upvote', '2023-10-13 06:00:00'), (69, 2, 'Upvote', '2023-10-13 07:00:00'), (69, 3, 'Upvote', '2023-10-13 08:00:00'),
(70, 4, 'Upvote', '2023-10-19 20:00:00'), (70, 5, 'Upvote', '2023-10-19 21:00:00'),
(71, 6, 'Downvote', '2023-10-25 01:00:00'), (71, 7, 'Downvote', '2023-10-25 08:00:00'), (71, 8, 'Upvote', '2023-10-25 09:30:00'),
(72, 9, 'Upvote', '2023-11-01 12:00:00'), (72, 10, 'Upvote', '2023-11-01 13:00:00'),
(73, 11, 'Upvote', '2023-11-07 07:00:00'), (73, 12, 'Downvote', '2023-11-07 09:00:00'), (73, 13, 'Upvote', '2023-11-07 10:30:00'),
(74, 14, 'Upvote', '2023-11-13 18:00:00'), (74, 15, 'Upvote', '2023-11-13 19:00:00'),
(75, 16, 'Upvote', '2023-11-19 15:00:00'), (75, 17, 'Upvote', '2023-11-20 09:00:00'), (75, 18, 'Downvote', '2023-11-20 10:30:00'),
(76, 19, 'Upvote', '2023-11-25 09:00:00'), (76, 20, 'Downvote', '2023-11-25 10:00:00'),
(77, 21, 'Upvote', '2023-12-01 17:00:00'), (77, 22, 'Upvote', '2023-12-02 10:00:00'), (77, 23, 'Upvote', '2023-12-02 11:30:00'),
(78, 24, 'Upvote', '2023-12-07 08:00:00'), (78, 25, 'Upvote', '2023-12-07 09:00:00'),
(79, 26, 'Downvote', '2023-12-13 11:00:00'), (79, 27, 'Downvote', '2023-12-14 10:00:00'), (79, 28, 'Upvote', '2023-12-14 12:45:00'),
(80, 29, 'Upvote', '2023-12-19 14:00:00'), (80, 30, 'Upvote', '2023-12-19 15:00:00'),
(81, 1, 'Downvote', '2022-01-20 21:00:00'), (81, 2, 'Downvote', '2022-01-21 08:00:00'),
(82, 3, 'Upvote', '2022-01-26 18:30:00'), (82, 4, 'Upvote', '2022-01-26 19:00:00'), (82, 5, 'Upvote', '2022-01-26 19:30:00'),
(83, 6, 'Upvote', '2022-02-01 20:00:00'), (83, 7, 'Upvote', '2022-02-02 10:00:00'),
(84, 8, 'Downvote', '2022-02-07 01:30:00'), (84, 9, 'Downvote', '2022-02-07 02:00:00'), (84, 10, 'Upvote', '2022-02-07 02:30:00'),
(85, 11, 'Upvote', '2022-02-13 10:00:00'), (85, 12, 'Upvote', '2022-02-13 11:00:00'),
(86, 13, 'Downvote', '2022-02-19 12:00:00'), (86, 14, 'Upvote', '2022-02-20 09:00:00'), (86, 15, 'Upvote', '2022-02-20 10:30:00'),
(87, 16, 'Upvote', '2022-02-25 17:45:00'), (87, 17, 'Downvote', '2022-02-25 18:00:00'),
(88, 18, 'Upvote', '2022-03-03 14:30:00'), (88, 19, 'Upvote', '2022-03-03 17:00:00'), (88, 20, 'Upvote', '2022-03-03 18:30:00'),
(89, 21, 'Downvote', '2022-03-09 09:00:00'), (89, 22, 'Downvote', '2022-03-09 09:30:00'),
(90, 23, 'Upvote', '2022-03-15 11:00:00'), (90, 24, 'Upvote', '2022-03-15 12:00:00'), (90, 25, 'Upvote', '2022-03-15 13:00:00'),
(91, 26, 'Upvote', '2022-03-21 20:00:00'), (91, 27, 'Downvote', '2022-03-22 10:00:00'),
(92, 28, 'Upvote', '2022-03-27 12:30:00'), (92, 29, 'Downvote', '2022-03-27 13:00:00'), (92, 30, 'Upvote', '2022-03-27 14:00:00'),
(93, 1, 'Upvote', '2022-04-02 08:00:00'), (93, 2, 'Upvote', '2022-04-03 09:00:00'),
(94, 3, 'Upvote', '2022-04-08 17:30:00'), (94, 4, 'Upvote', '2022-04-08 18:00:00'), (94, 5, 'Upvote', '2022-04-08 19:00:00'),
(95, 6, 'Downvote', '2022-04-14 10:00:00'), (95, 7, 'Upvote', '2022-04-15 10:00:00'),
(96, 8, 'Downvote', '2022-04-20 15:30:00'), (96, 9, 'Downvote', '2022-04-20 16:00:00'), (96, 10, 'Upvote', '2022-04-20 17:00:00'),
(97, 11, 'Upvote', '2022-04-26 11:00:00'), (97, 12, 'Upvote', '2022-04-27 10:00:00'),
(98, 13, 'Upvote', '2022-05-02 11:30:00'), (98, 14, 'Upvote', '2022-05-02 12:00:00'), (98, 15, 'Upvote', '2022-05-02 13:00:00'),
(99, 16, 'Upvote', '2022-05-08 09:00:00'), (99, 17, 'Upvote', '2022-05-09 08:00:00'),
(100, 18, 'Downvote', '2022-05-14 19:00:00'), (100, 19, 'Upvote', '2022-05-14 19:30:00'), (100, 20, 'Downvote', '2022-05-14 20:00:00'),
(101, 21, 'Upvote', '2022-05-20 08:00:00'), (101, 22, 'Upvote', '2022-05-21 08:30:00'),
(102, 23, 'Upvote', '2022-05-26 19:30:00'), (102, 24, 'Upvote', '2022-05-26 20:00:00'), (102, 1, 'Upvote', '2022-05-26 20:30:00'),
(103, 2, 'Downvote', '2022-06-01 18:00:00'), (103, 3, 'Downvote', '2022-06-02 14:00:00'),
(104, 4, 'Upvote', '2022-06-07 13:00:00'), (104, 5, 'Upvote', '2022-06-07 13:30:00'), (104, 6, 'Downvote', '2022-06-07 14:00:00'),
(105, 7, 'Upvote', '2022-06-13 08:30:00'), (105, 8, 'Upvote', '2022-06-13 09:00:00'),
(106, 9, 'Upvote', '2022-06-19 10:30:00'), (106, 10, 'Upvote', '2022-06-20 11:00:00'), (106, 11, 'Downvote', '2022-06-20 11:45:00'),
(107, 12, 'Upvote', '2022-06-25 14:30:00'), (107, 13, 'Downvote', '2022-06-25 15:00:00'),
(108, 14, 'Upvote', '2022-07-01 23:00:00'), (108, 15, 'Upvote', '2022-07-02 07:00:00'), (108, 16, 'Upvote', '2022-07-02 08:30:00'),
(109, 17, 'Upvote', '2022-07-07 07:00:00'), (109, 18, 'Downvote', '2022-07-07 07:30:00'),
(110, 19, 'Upvote', '2022-07-13 12:00:00'), (110, 20, 'Upvote', '2022-07-13 12:30:00'), (110, 21, 'Upvote', '2022-07-13 13:00:00'),
(111, 22, 'Upvote', '2022-07-19 10:00:00'), (111, 23, 'Downvote', '2022-07-20 09:00:00'),
(112, 24, 'Upvote', '2022-07-25 08:30:00'), (112, 25, 'Upvote', '2022-07-25 09:00:00'), (112, 26, 'Upvote', '2022-07-25 09:30:00'),
(113, 27, 'Downvote', '2022-08-01 14:00:00'), (113, 28, 'Upvote', '2022-08-02 10:00:00'),
(114, 29, 'Upvote', '2022-08-07 18:30:00'), (114, 30, 'Upvote', '2022-08-07 19:00:00'), (114, 1, 'Upvote', '2022-08-07 19:30:00'),
(115, 2, 'Upvote', '2022-08-13 11:00:00'), (115, 3, 'Downvote', '2022-08-14 09:00:00'),
(116, 4, 'Upvote', '2022-08-19 17:00:00'), (116, 5, 'Downvote', '2022-08-19 17:30:00'), (116, 6, 'Upvote', '2022-08-19 18:00:00'),
(117, 7, 'Upvote', '2022-08-25 18:00:00'), (117, 8, 'Upvote', '2022-08-26 11:00:00'),
(118, 9, 'Upvote', '2022-09-01 09:30:00'), (118, 10, 'Upvote', '2022-09-01 10:00:00'), (118, 11, 'Upvote', '2022-09-01 10:30:00'),
(119, 12, 'Downvote', '2022-09-07 19:30:00'), (119, 13, 'Downvote', '2022-09-07 20:00:00'),
(120, 14, 'Upvote', '2022-09-13 11:30:00'), (120, 15, 'Upvote', '2022-09-14 09:00:00'), (120, 16, 'Upvote', '2022-09-14 10:30:00'),
(121, 17, 'Upvote', '2022-09-19 07:45:00'), (121, 18, 'Downvote', '2022-09-19 08:00:00'),
(122, 19, 'Upvote', '2022-09-25 15:00:00'), (122, 20, 'Upvote', '2022-09-25 15:30:00'), (122, 21, 'Upvote', '2022-09-25 16:00:00'),
(123, 22, 'Upvote', '2022-10-01 21:00:00'), (123, 23, 'Downvote', '2022-10-02 08:00:00'),
(124, 24, 'Upvote', '2022-10-07 10:30:00'), (124, 25, 'Upvote', '2022-10-07 11:00:00'), (124, 26, 'Downvote', '2022-10-07 11:30:00'),
(125, 27, 'Upvote', '2022-10-13 12:30:00'), (125, 28, 'Upvote', '2022-10-13 13:00:00'),
(126, 29, 'Upvote', '2022-10-19 15:30:00'), (126, 30, 'Downvote', '2022-10-20 11:00:00'), (126, 1, 'Upvote', '2022-10-20 11:45:00'),
(127, 2, 'Upvote', '2022-10-25 18:45:00'), (127, 3, 'Downvote', '2022-10-25 19:00:00'),
(128, 4, 'Upvote', '2022-11-01 16:30:00'), (128, 5, 'Upvote', '2022-11-02 13:00:00'), (128, 6, 'Upvote', '2022-11-02 14:30:00'),
(129, 7, 'Upvote', '2022-11-07 14:00:00'), (129, 8, 'Downvote', '2022-11-07 14:30:00'),
(130, 9, 'Upvote', '2022-11-13 10:30:00'), (130, 10, 'Upvote', '2022-11-13 11:00:00'), (130, 11, 'Upvote', '2022-11-13 11:30:00'),
(131, 12, 'Upvote', '2022-11-19 20:30:00'), (131, 13, 'Upvote', '2022-11-20 08:00:00'),
(132, 14, 'Downvote', '2022-11-25 11:45:00'), (132, 15, 'Downvote', '2022-11-25 12:00:00'), (132, 16, 'Upvote', '2022-11-25 12:30:00'),
(133, 17, 'Upvote', '2022-12-01 08:00:00'), (133, 18, 'Upvote', '2022-12-02 09:00:00'),
(134, 19, 'Upvote', '2022-12-07 15:30:00'), (134, 20, 'Upvote', '2022-12-07 16:00:00'), (134, 21, 'Upvote', '2022-12-07 16:30:00'),
(135, 22, 'Downvote', '2022-12-13 06:30:00'), (135, 23, 'Upvote', '2022-12-14 08:00:00'),
(136, 24, 'Upvote', '2022-12-19 14:30:00'), (136, 25, 'Upvote', '2022-12-19 15:00:00'), (136, 26, 'Downvote', '2022-12-19 15:30:00'),
(137, 27, 'Downvote', '2022-12-25 23:30:00'), (137, 28, 'Upvote', '2022-12-26 08:00:00'),
(138, 29, 'Upvote', '2023-01-02 17:30:00'), (138, 30, 'Upvote', '2023-01-02 18:00:00'), (138, 1, 'Upvote', '2023-01-02 18:30:00'),
(139, 2, 'Upvote', '2023-01-08 10:00:00'), (139, 3, 'Downvote', '2023-01-09 10:00:00'),
(140, 4, 'Upvote', '2023-01-14 19:00:00'), (140, 5, 'Upvote', '2023-01-14 19:30:00'), (140, 6, 'Downvote', '2023-01-14 20:00:00'),
(141, 7, 'Upvote', '2023-01-20 10:45:00'), (141, 8, 'Upvote', '2023-01-21 11:00:00'),
(142, 9, 'Upvote', '2023-01-26 20:00:00'), (142, 10, 'Upvote', '2023-01-26 20:30:00'), (142, 11, 'Upvote', '2023-01-26 21:00:00'),
(143, 12, 'Downvote', '2023-02-01 12:00:00'), (143, 13, 'Upvote', '2023-02-02 09:00:00'),
(144, 14, 'Upvote', '2023-02-07 16:30:00'), (144, 15, 'Upvote', '2023-02-07 17:00:00'), (144, 16, 'Downvote', '2023-02-07 17:30:00'),
(145, 17, 'Upvote', '2023-02-13 14:30:00'), (145, 18, 'Upvote', '2023-02-13 15:00:00'),
(146, 19, 'Downvote', '2023-02-19 22:00:00'), (146, 20, 'Downvote', '2023-02-20 08:00:00'), (146, 21, 'Upvote', '2023-02-20 09:30:00'),
(147, 22, 'Upvote', '2023-02-25 09:00:00'), (147, 23, 'Upvote', '2023-02-25 09:30:00'),
(148, 24, 'Upvote', '2023-03-03 20:00:00'), (148, 25, 'Downvote', '2023-03-04 09:00:00'), (148, 1, 'Upvote', '2023-03-04 10:30:00'),
(149, 2, 'Upvote', '2023-03-09 07:30:00'), (149, 3, 'Upvote', '2023-03-09 08:00:00'),
(150, 4, 'Upvote', '2023-03-15 11:30:00'), (150, 5, 'Upvote', '2023-03-15 12:00:00'), (150, 6, 'Upvote', '2023-03-15 12:30:00');

-- Votes for Reports 151-274
INSERT INTO Votes (ReportID, UserID, VoteType, votedAt) VALUES
(151, 1, 'Upvote', '2023-04-05 11:00:00'), (151, 2, 'Upvote', '2023-04-05 11:30:00'), (151, 4, 'Upvote', '2023-04-05 12:45:00'),
(152, 5, 'Upvote', '2023-04-12 10:00:00'), (152, 6, 'Downvote', '2023-04-12 10:30:00'), (152, 7, 'Upvote', '2023-04-13 09:00:00'), (152, 8, 'Upvote', '2023-04-14 11:30:00'),
(153, 8, 'Upvote', '2023-05-02 12:00:00'), (153, 9, 'Upvote', '2023-05-02 12:30:00'), (153, 10, 'Upvote', '2023-05-02 13:00:00'),
(154, 10, 'Upvote', '2023-05-10 14:30:00'), (154, 11, 'Upvote', '2023-05-10 15:00:00'), (154, 1, 'Upvote', '2023-05-10 16:00:00'),
(155, 13, 'Downvote', '2023-06-01 18:00:00'), (155, 14, 'Downvote', '2023-06-01 18:30:00'), (155, 16, 'Upvote', '2023-06-01 19:00:00'),
(156, 17, 'Upvote', '2023-06-15 16:30:00'), (156, 18, 'Upvote', '2023-06-16 09:00:00'), (156, 19, 'Upvote', '2023-06-16 10:30:00'),
(157, 20, 'Downvote', '2023-07-03 09:00:00'), (157, 21, 'Upvote', '2023-07-03 09:30:00'),
(158, 22, 'Upvote', '2023-07-20 13:00:00'), (158, 23, 'Upvote', '2023-07-21 08:00:00'), (158, 24, 'Downvote', '2023-07-21 09:30:00'),
(159, 25, 'Upvote', '2023-08-05 20:30:00'), (159, 26, 'Upvote', '2023-08-05 21:00:00'),
(160, 27, 'Upvote', '2023-08-18 16:00:00'), (160, 28, 'Upvote', '2023-08-18 16:30:00'), (160, 29, 'Upvote', '2023-08-18 17:00:00'),
(161, 30, 'Upvote', '2023-09-01 09:30:00'), (161, 1, 'Downvote', '2023-09-01 10:00:00'),
(162, 2, 'Upvote', '2023-09-10 15:00:00'), (162, 3, 'Upvote', '2023-09-11 09:00:00'), (162, 4, 'Upvote', '2023-09-11 10:30:00'),
(163, 5, 'Upvote', '2023-09-22 18:30:00'), (163, 6, 'Upvote', '2023-09-22 19:00:00'),
(164, 7, 'Downvote', '2023-10-05 11:30:00'), (164, 8, 'Downvote', '2023-10-05 14:00:00'), (164, 9, 'Upvote', '2023-10-05 15:30:00'),
(165, 10, 'Upvote', '2023-10-15 13:45:00'), (165, 11, 'Upvote', '2023-10-15 14:00:00'),
(166, 12, 'Upvote', '2023-11-14 08:30:00'), (166, 13, 'Downvote', '2023-11-14 09:00:00'), (166, 14, 'Upvote', '2023-11-14 10:45:00'),
(167, 15, 'Upvote', '2023-11-25 10:45:00'), (167, 16, 'Upvote', '2023-11-25 11:00:00'),
(168, 17, 'Upvote', '2023-12-03 08:00:00'), (168, 18, 'Upvote', '2023-12-03 08:30:00'), (168, 1, 'Upvote', '2023-12-03 09:00:00'),
(169, 2, 'Downvote', '2023-12-10 22:30:00'), (169, 3, 'Downvote', '2023-12-11 08:00:00'),
(170, 15, 'Upvote', '2023-12-18 16:30:00'), (170, 16, 'Upvote', '2023-12-18 17:00:00'), (170, 17, 'Upvote', '2023-12-19 09:00:00'), (170, 4, 'Upvote', '2023-12-19 10:00:00'),
(171, 5, 'Upvote', '2024-01-15 12:30:00'), (171, 6, 'Upvote', '2024-01-15 13:00:00'),
(172, 7, 'Upvote', '2024-01-28 10:30:00'), (172, 8, 'Upvote', '2024-01-28 11:00:00'), (172, 9, 'Upvote', '2024-01-28 11:30:00'),
(173, 10, 'Downvote', '2024-02-05 10:00:00'), (173, 11, 'Upvote', '2024-02-06 10:00:00'),
(174, 12, 'Upvote', '2024-02-12 14:30:00'), (174, 13, 'Upvote', '2024-02-12 15:00:00'), (174, 15, 'Upvote', '2024-02-12 15:30:00'),
(175, 16, 'Downvote', '2024-02-20 11:30:00'), (175, 17, 'Downvote', '2024-02-20 12:00:00'),
(176, 18, 'Upvote', '2024-03-01 20:45:00'), (176, 19, 'Upvote', '2024-03-02 07:00:00'), (176, 20, 'Upvote', '2024-03-02 08:30:00'),
(177, 21, 'Upvote', '2024-03-10 11:00:00'), (177, 22, 'Upvote', '2024-03-10 11:30:00'),
(178, 23, 'Upvote', '2024-03-18 09:30:00'), (178, 24, 'Upvote', '2024-03-18 10:00:00'), (178, 25, 'Upvote', '2024-03-18 10:30:00'),
(179, 26, 'Downvote', '2024-04-02 13:30:00'), (179, 27, 'Upvote', '2024-04-03 09:00:00'),
(180, 28, 'Upvote', '2024-04-10 17:00:00'), (180, 29, 'Upvote', '2024-04-10 17:30:00'), (180, 30, 'Upvote', '2024-04-10 18:00:00'),
(181, 3, 'Upvote', '2024-04-20 11:30:00'), (181, 4, 'Upvote', '2024-04-20 12:00:00'),
(182, 5, 'Downvote', '2024-05-05 10:30:00'), (182, 6, 'Upvote', '2024-05-06 11:00:00'), (182, 7, 'Upvote', '2024-05-06 12:30:00'),
(183, 8, 'Upvote', '2024-05-14 17:30:00'), (183, 9, 'Upvote', '2024-05-14 18:00:00'),
(184, 10, 'Upvote', '2024-06-02 09:45:00'), (184, 11, 'Downvote', '2024-06-03 10:00:00'), (184, 12, 'Upvote', '2024-06-03 14:30:00'),
(185, 13, 'Upvote', '2024-06-10 13:00:00'), (185, 14, 'Upvote', '2024-06-10 13:30:00'),
(186, 15, 'Upvote', '2024-06-20 15:30:00'), (186, 16, 'Upvote', '2024-06-20 16:00:00'), (186, 17, 'Upvote', '2024-06-20 16:30:00'),
(187, 18, 'Downvote', '2024-07-01 12:00:00'), (187, 20, 'Upvote', '2024-07-01 12:30:00'),
(188, 21, 'Upvote', '2024-07-10 14:30:00'), (188, 22, 'Downvote', '2024-07-11 10:00:00'), (188, 23, 'Upvote', '2024-07-11 10:45:00'),
(189, 24, 'Upvote', '2024-07-22 16:30:00'), (189, 25, 'Upvote', '2024-07-22 17:00:00'),
(190, 18, 'Downvote', '2024-08-05 09:00:00'), (190, 19, 'Upvote', '2024-08-05 09:30:00'), (190, 20, 'Downvote', '2024-08-05 10:00:00'), (190, 26, 'Upvote', '2024-08-05 11:30:00'),
(191, 27, 'Upvote', '2024-08-12 10:30:00'), (191, 28, 'Upvote', '2024-08-12 11:00:00'),
(192, 29, 'Upvote', '2024-09-15 15:00:00'), (192, 30, 'Upvote', '2024-09-15 15:30:00'), (192, 1, 'Upvote', '2024-09-15 16:00:00'),
(193, 2, 'Upvote', '2024-09-25 11:45:00'), (193, 3, 'Upvote', '2024-09-25 12:00:00'),
(194, 4, 'Downvote', '2024-10-03 09:30:00'), (194, 5, 'Upvote', '2024-10-04 11:00:00'), (194, 6, 'Upvote', '2024-10-04 12:30:00'),
(195, 7, 'Upvote', '2024-10-12 11:00:00'), (195, 8, 'Upvote', '2024-10-12 11:30:00'),
(196, 9, 'Upvote', '2024-10-20 15:30:00'), (196, 10, 'Upvote', '2024-10-20 16:00:00'), (196, 11, 'Upvote', '2024-10-20 16:30:00'),
(197, 12, 'Upvote', '2024-11-01 17:30:00'), (197, 13, 'Upvote', '2024-11-01 18:00:00'),
(198, 14, 'Downvote', '2024-11-10 08:30:00'), (198, 15, 'Upvote', '2024-11-10 09:00:00'), (198, 16, 'Downvote', '2024-11-10 10:30:00'),
(199, 17, 'Upvote', '2024-11-18 13:00:00'), (199, 19, 'Upvote', '2024-11-18 13:30:00'),
(200, 20, 'Upvote', '2024-11-28 14:30:00'), (200, 21, 'Upvote', '2024-11-28 15:00:00'), (200, 22, 'Upvote', '2024-11-28 15:30:00'),
(201, 23, 'Upvote', '2024-12-20 11:30:00'), (201, 1, 'Upvote', '2024-12-20 12:00:00'),
(202, 2, 'Upvote', '2024-12-28 16:00:00'), (202, 3, 'Upvote', '2024-12-28 16:30:00'), (202, 4, 'Upvote', '2024-12-28 17:00:00'),
(203, 5, 'Upvote', '2025-01-05 10:30:00'), (203, 6, 'Upvote', '2025-01-05 11:00:00'),
(204, 7, 'Upvote', '2025-01-15 13:30:00'), (204, 8, 'Upvote', '2025-01-15 14:00:00'), (204, 9, 'Upvote', '2025-01-15 14:30:00'),
(205, 10, 'Upvote', '2025-01-22 09:30:00'), (205, 11, 'Upvote', '2025-01-22 10:00:00'),
(206, 12, 'Upvote', '2025-02-01 12:30:00'), (206, 13, 'Upvote', '2025-02-01 13:00:00'), (206, 14, 'Upvote', '2025-02-01 13:30:00'),
(207, 15, 'Upvote', '2025-02-10 11:00:00'), (207, 16, 'Upvote', '2025-02-10 11:30:00'),
(208, 17, 'Upvote', '2025-02-18 12:00:00'), (208, 18, 'Upvote', '2025-02-18 12:30:00'), (208, 19, 'Upvote', '2025-02-18 13:00:00'),
(209, 20, 'Upvote', '2025-02-28 16:30:00'), (209, 21, 'Upvote', '2025-02-28 17:00:00'),
(210, 21, 'Upvote', '2025-03-05 14:30:00'), (210, 22, 'Upvote', '2025-03-05 15:00:00'), (210, 23, 'Downvote', '2025-03-05 15:30:00'),
(211, 24, 'Upvote', '2025-03-12 10:30:00'), (211, 25, 'Upvote', '2025-03-13 09:00:00'),
(212, 26, 'Downvote', '2025-03-20 09:00:00'), (212, 27, 'Downvote', '2025-03-20 10:00:00'), (212, 28, 'Upvote', '2025-03-20 11:30:00'),
(213, 29, 'Upvote', '2025-03-28 13:45:00'), (213, 30, 'Upvote', '2025-03-28 14:00:00'),
(214, 1, 'Upvote', '2025-04-04 11:30:00'), (214, 3, 'Upvote', '2025-04-04 12:00:00'), (214, 5, 'Upvote', '2025-04-04 12:30:00'),
(215, 6, 'Upvote', '2025-04-10 16:00:00'), (215, 7, 'Upvote', '2025-04-11 09:00:00'),
(216, 8, 'Upvote', '2025-04-18 10:00:00'), (216, 9, 'Upvote', '2025-04-18 10:30:00'), (216, 10, 'Upvote', '2025-04-18 11:00:00'),
(217, 11, 'Upvote', '2025-04-25 10:30:00'), (217, 12, 'Upvote', '2025-04-25 11:00:00'),
(218, 13, 'Upvote', '2025-05-02 14:45:00'), (218, 14, 'Upvote', '2025-05-02 15:00:00'), (218, 15, 'Upvote', '2025-05-02 15:30:00'),
(219, 16, 'Downvote', '2025-05-08 17:30:00'), (219, 17, 'Upvote', '2025-05-08 18:00:00'),
(220, 23, 'Downvote', '2025-05-12 11:30:00'), (220, 24, 'Upvote', '2025-05-12 12:00:00'), (220, 25, 'Downvote', '2025-05-12 14:00:00'), (220, 19, 'Downvote', '2025-05-13 09:30:00'),
(221, 26, 'Upvote', '2025-05-15 17:00:00'), (221, 27, 'Upvote', '2025-05-15 17:30:00'), (221, 28, 'Upvote', '2025-05-15 18:15:00'),
(222, 28, 'Upvote', '2025-05-18 10:30:00'), (222, 29, 'Upvote', '2025-05-18 11:00:00'), (222, 30, 'Upvote', '2025-05-18 11:30:00'),
(223, 1, 'Downvote', '2025-05-19 14:30:00'), (223, 2, 'Upvote', '2025-05-19 15:00:00'), (223, 5, 'Upvote', '2025-05-19 15:30:00'),
(224, 3, 'Upvote', '2025-05-20 10:00:00'), (224, 4, 'Upvote', '2025-05-20 10:30:00'), (224, 5, 'Upvote', '2025-05-20 10:45:00'), (224, 7, 'Upvote', '2025-05-20 11:15:00'),
(225, 7, 'Upvote', '2025-05-21 10:45:00'), (225, 8, 'Upvote', '2025-05-21 11:00:00'), (225, 9, 'Upvote', '2025-05-21 11:30:00'),
(226, 20, 'Upvote', '2023-09-05 10:30:00'), (226, 21, 'Upvote', '2023-09-05 12:45:00'),
(227, 1, 'Upvote', '2023-10-10 09:45:00'), (227, 2, 'Upvote', '2023-10-11 10:00:00'), (227, 3, 'Downvote', '2023-10-11 11:30:00'),
(228, 4, 'Upvote', '2023-11-15 12:00:00'), (228, 5, 'Upvote', '2023-11-15 12:30:00'),
(229, 6, 'Upvote', '2024-02-10 14:30:00'), (229, 7, 'Upvote', '2024-02-10 15:00:00'), (229, 8, 'Upvote', '2024-02-10 15:30:00'),
(230, 9, 'Upvote', '2024-03-05 18:00:00'), (230, 10, 'Upvote', '2024-03-05 18:30:00'),
(231, 11, 'Upvote', '2024-04-12 16:30:00'), (231, 12, 'Downvote', '2024-04-13 09:00:00'), (231, 13, 'Upvote', '2024-04-13 10:30:00'),
(232, 15, 'Upvote', '2024-05-18 09:00:00'), (232, 16, 'Upvote', '2024-05-18 09:30:00'),
(233, 17, 'Upvote', '2024-06-22 12:30:00'), (233, 18, 'Downvote', '2024-06-23 08:00:00'), (233, 19, 'Upvote', '2024-06-23 09:30:00'),
(234, 20, 'Upvote', '2024-07-28 20:30:00'), (234, 21, 'Upvote', '2024-07-28 21:00:00'),
(235, 22, 'Upvote', '2024-08-30 16:00:00'), (235, 23, 'Upvote', '2024-08-30 16:30:00'), (235, 24, 'Upvote', '2024-08-30 17:00:00'),
(236, 25, 'Upvote', '2024-09-10 09:30:00'), (236, 26, 'Upvote', '2024-09-10 10:00:00'),
(237, 27, 'Upvote', '2024-10-15 15:00:00'), (237, 28, 'Downvote', '2024-10-16 09:00:00'), (237, 29, 'Upvote', '2024-10-16 10:30:00'),
(238, 1, 'Upvote', '2024-11-20 18:30:00'), (238, 2, 'Upvote', '2024-11-20 19:00:00'),
(239, 3, 'Upvote', '2024-12-05 11:30:00'), (239, 4, 'Upvote', '2024-12-05 14:00:00'), (239, 5, 'Downvote', '2024-12-05 15:30:00'),
(240, 6, 'Upvote', '2025-01-10 13:45:00'), (240, 7, 'Upvote', '2025-01-10 14:00:00'),
(241, 8, 'Upvote', '2025-01-25 08:30:00'), (241, 9, 'Upvote', '2025-01-25 09:00:00'), (241, 10, 'Upvote', '2025-01-25 10:45:00'),
(242, 11, 'Upvote', '2025-02-08 10:45:00'), (242, 12, 'Upvote', '2025-02-08 11:00:00'),
(243, 13, 'Upvote', '2025-02-15 13:00:00'), (243, 14, 'Downvote', '2025-02-16 08:00:00'), (243, 15, 'Upvote', '2025-02-16 09:30:00'),
(244, 16, 'Upvote', '2025-03-01 14:30:00'), (244, 17, 'Upvote', '2025-03-01 15:00:00'),
(245, 18, 'Upvote', '2025-03-10 17:00:00'), (245, 19, 'Upvote', '2025-03-10 17:30:00'), (245, 20, 'Upvote', '2025-03-10 18:00:00'),
(246, 21, 'Upvote', '2025-03-20 11:30:00'), (246, 22, 'Upvote', '2025-03-20 12:00:00'),
(247, 23, 'Upvote', '2025-04-05 09:30:00'), (247, 24, 'Downvote', '2025-04-05 11:00:00'), (247, 25, 'Upvote', '2025-04-05 12:30:00'),
(248, 10, 'Upvote', '2025-04-15 15:30:00'), (248, 11, 'Upvote', '2025-04-15 16:00:00'), (248, 26, 'Upvote', '2025-04-15 16:30:00'),
(249, 13, 'Upvote', '2025-05-01 11:00:00'), (249, 14, 'Downvote', '2025-05-01 11:30:00'), (249, 15, 'Upvote', '2025-05-01 12:00:00'),
(250, 16, 'Upvote', '2025-05-10 12:30:00'), (250, 17, 'Upvote', '2025-05-10 13:00:00'), (250, 4, 'Downvote', '2025-05-10 13:30:00'),
(251, 1, 'Upvote', '2024-06-10 10:00:00'), (251, 2, 'Upvote', '2024-06-10 11:30:00'),
(252, 3, 'Upvote', '2024-07-15 10:30:00'), (252, 4, 'Upvote', '2024-07-15 11:00:00'), (252, 6, 'Downvote', '2024-07-15 11:30:00'),
(253, 7, 'Upvote', '2025-01-20 19:30:00'), (253, 8, 'Upvote', '2025-01-21 09:00:00'),
(254, 9, 'Downvote', '2024-08-05 22:30:00'), (254, 10, 'Upvote', '2024-08-06 09:00:00'), (254, 11, 'Upvote', '2024-08-06 10:30:00'),
(255, 13, 'Upvote', '2024-09-12 11:45:00'), (255, 14, 'Upvote', '2024-09-12 12:00:00'),
(256, 15, 'Upvote', '2025-02-05 14:30:00'), (256, 16, 'Upvote', '2025-02-05 15:00:00'), (256, 17, 'Upvote', '2025-02-05 15:30:00'),
(257, 18, 'Upvote', '2024-10-01 15:30:00'), (257, 19, 'Upvote', '2024-10-01 16:00:00'),
(258, 20, 'Upvote', '2024-11-08 13:00:00'), (258, 21, 'Downvote', '2024-11-09 08:00:00'), (258, 22, 'Upvote', '2024-11-09 09:30:00'),
(259, 23, 'Upvote', '2025-03-10 10:30:00'), (259, 24, 'Upvote', '2025-03-10 11:00:00'),
(260, 25, 'Upvote', '2024-12-01 11:30:00'), (260, 26, 'Upvote', '2024-12-01 12:00:00'), (260, 27, 'Upvote', '2024-12-01 12:30:00'),
(261, 28, 'Upvote', '2025-01-15 08:30:00'), (261, 29, 'Downvote', '2025-01-16 10:00:00'),
(262, 30, 'Upvote', '2025-04-05 16:30:00'), (262, 1, 'Upvote', '2025-04-05 17:00:00'), (262, 2, 'Upvote', '2025-04-05 17:30:00'),
(263, 3, 'Downvote', '2024-07-20 11:00:00'), (263, 5, 'Upvote', '2024-07-21 10:00:00'),
(264, 6, 'Upvote', '2024-09-02 18:00:00'), (264, 7, 'Upvote', '2024-09-02 18:30:00'), (264, 8, 'Downvote', '2024-09-02 19:00:00'),
(265, 9, 'Upvote', '2025-02-10 13:30:00'), (265, 10, 'Upvote', '2025-02-10 14:00:00'),
(266, 11, 'Upvote', '2024-08-15 14:30:00'), (266, 12, 'Downvote', '2024-08-16 09:00:00'), (266, 13, 'Upvote', '2024-08-16 10:30:00'),
(267, 14, 'Upvote', '2024-10-10 09:30:00'), (267, 15, 'Upvote', '2024-10-10 10:00:00'),
(268, 16, 'Upvote', '2025-04-18 12:00:00'), (268, 17, 'Upvote', '2025-04-18 12:30:00'), (268, 18, 'Upvote', '2025-04-18 13:00:00'),
(269, 20, 'Upvote', '2024-11-20 12:30:00'), (269, 21, 'Upvote', '2024-11-20 13:00:00'),
(270, 22, 'Upvote', '2025-01-25 19:00:00'), (270, 23, 'Upvote', '2025-01-25 19:30:00'), (270, 24, 'Downvote', '2025-01-25 20:00:00'),
(271, 25, 'Upvote', '2025-05-01 19:30:00'), (271, 26, 'Upvote', '2025-05-01 20:00:00'),
(272, 27, 'Upvote', '2025-03-15 11:00:00'), (272, 28, 'Upvote', '2025-03-16 10:00:00'), (272, 30, 'Upvote', '2025-03-16 11:30:00'),
(273, 1, 'Upvote', '2025-04-10 11:30:00'), (273, 3, 'Downvote', '2025-04-10 12:00:00'),
(274, 4, 'Upvote', '2025-04-22 15:30:00'), (274, 5, 'Upvote', '2025-04-22 16:00:00'), (274, 6, 'Upvote', '2025-04-22 16:30:00');

COMMIT;